-- --------------------------------------------------------
-- Хост:                         127.0.0.1
-- Версия сервера:               5.7.19 - MySQL Community Server (GPL)
-- Операционная система:         Win64
-- HeidiSQL Версия:              9.5.0.5196
-- --------------------------------------------------------

/*!40101 SET @OLD_CHARACTER_SET_CLIENT=@@CHARACTER_SET_CLIENT */;
/*!40101 SET NAMES utf8 */;
/*!50503 SET NAMES utf8mb4 */;
/*!40014 SET @OLD_FOREIGN_KEY_CHECKS=@@FOREIGN_KEY_CHECKS, FOREIGN_KEY_CHECKS=0 */;
/*!40101 SET @OLD_SQL_MODE=@@SQL_MODE, SQL_MODE='NO_AUTO_VALUE_ON_ZERO' */;

-- Дамп данных таблицы e_shopper.colors: ~20 rows (приблизительно)
/*!40000 ALTER TABLE `colors` DISABLE KEYS */;
INSERT INTO `colors` (`pid`, `color_description_en`, `color_description_ru`) VALUES
	(1, 'Black', 'Черный'),
	(2, 'Blue', 'Синий'),
	(3, 'Grey', 'Серый'),
	(4, 'Pink', 'Розовый'),
	(5, 'Gold', 'Золотой'),
	(6, 'Red', 'Красный'),
	(7, 'Ultraviolet', 'Ультрафиолет'),
	(8, 'Gold', 'Золотой'),
	(9, 'Red', 'Красный'),
	(10, 'Ultraviolet', 'Ультрафиолет'),
	(11, 'Titan', 'Титан'),
	(12, 'Copper', 'Медь'),
	(13, 'Purple', 'Пурпурный'),
	(14, 'Indigo', 'Индиго'),
	(15, 'Green', 'Зеленый'),
	(16, 'Starry Night', 'Звездное небо'),
	(17, 'White', 'Белый'),
	(18, 'Silver', 'Серебряный'),
	(19, 'Space Grey', 'Космический серый'),
	(20, 'Rose Gold', 'Розовое золото');
/*!40000 ALTER TABLE `colors` ENABLE KEYS */;

-- Дамп данных таблицы e_shopper.desctoppc: ~48 rows (приблизительно)
/*!40000 ALTER TABLE `desctoppc` DISABLE KEYS */;
INSERT INTO `desctoppc` (`pid`, `name_pc`, `image_pc`, `price`, `is_gaming`, `os`, `processor`, `processor_model`, `clock_frequency`, `max_clock_frequency`, `core_num`, `ram`, `drive_type`, `drive_size`, `optical_drive_type`, `graphics_card_producer`, `graphics_card_model`, `graphics_card_size`, `wi_fi`) VALUES
	(1, 'Системный блок Oldi Computers Home 306 (0629561)', 'https://static.eldorado.ru/photos/71/713/850/33/new_71385033_l_1540900723.jpeg/resize/200x200/', '21 990 р.', 'Иформация отсутствует', 'Windows 10 Домашняя', 'AMD', 'Иформация отсутствует', '3.5 ГГц', '3.8 ГГц', '2', '4 Гб', 'HDD', '500 Гб', 'DVD±RW', 'AMD', 'Radeon R5', 'Иформация отсутствует', 'Иформация отсутствует'),
	(2, 'Системный блок HP Pavilion 590-p0025ur (4JS57EA)', 'https://static.eldorado.ru/photos/71/713/782/67/new_71378267_l_1533637532.jpeg/resize/200x200/', '42 990 р.', 'Иформация отсутствует', 'Windows 10 Домашняя x64', 'Intel', 'Core i3-8100', '3.6 ГГц', '3.8 ГГц', '4', '8 Гб', 'HDD', '1 Тб', 'Нет', 'nVidia', 'Intel UHD Graphics 630 + NVIDIA GeForce GTX 1050', '2000 МБ', 'Есть'),
	(3, 'Системный блок Dell Vostro 3667-0765', 'https://static.eldorado.ru/photos/71/713/777/95/new_71377795_l_1533544426.jpeg/resize/200x200/', '27 990 р.', 'Иформация отсутствует', 'Windows 10 Домашняя x64', 'Intel', 'Core i3-6100', '3.7 ГГц', '3.8 ГГц', '2', '4 Гб', 'HDD', '1 Тб', 'Нет', 'Intel', 'Intel HD Graphics 530', '2000 МБ', 'Есть'),
	(4, 'Системный блок Lenovo IdeaCentre 310S-08ASR (90G9000TRS)', 'https://static.eldorado.ru/photos/71/713/700/61/new_71370061_l_1517584914.jpeg/resize/200x200/', '24 990 р.', 'Иформация отсутствует', 'Windows 10', 'AMD', 'A9-9430', '3.2 ГГц', '3.8 ГГц', '2', '8 Гб', 'HDD', '1 Тб', 'DVD±RW', 'AMD', 'Radeon R4', '2000 МБ', 'Есть'),
	(5, 'Системный блок HP Slimline 260-a104ur', 'https://static.eldorado.ru/photos/71/713/688/15/new_71368815_l_1513184526.jpeg/resize/200x200/', '15 990 р.', 'Иформация отсутствует', 'Windows 10', 'AMD', 'E2-7110', '1.8 ГГц', '3.8 ГГц', '4', '4 Гб', 'HDD', '500 Гб', 'DVD±RW', 'AMD', 'Radeon R2', '2000 МБ', 'Есть'),
	(6, 'Системный блок Oldi Computers Office 106 0520331', 'https://static.eldorado.ru/photos/71/713/672/83/new_71367283_l_1510653908.jpeg/resize/200x200/', '18 990 р.', 'Иформация отсутствует', 'Windows 10 Домашняя', 'AMD', 'A4-6300', '3.7 ГГц', '3.9 ГГц', '2', '4 Гб', 'HDD', '512 Гб', 'DVD±RW', 'AMD', 'Radeon HD 8370D', '2000 МБ', 'Есть'),
	(7, 'Системный блок Oldi Computers Office 100 (0559935)', 'https://static.eldorado.ru/photos/71/713/751/90/new_71375190_l_1530124563.png/resize/200x200/', '14 490 р.', 'Иформация отсутствует', 'Windows 10 Домашняя x64', 'Intel', 'Celeron J3355', '2.5 ГГц', '3.9 ГГц', '2', '4 Гб', 'HDD', '500 Гб', 'DVD±RW', 'Intel', 'HD Graphics 500', '2000 МБ', 'Есть'),
	(8, 'Системный блок HP Pavilion 590-p0029ur (4JS51EA)', 'https://static.eldorado.ru/photos/71/713/784/40/new_71378440_l_1533670932.jpeg/resize/200x200/', '35 990 р.', 'Иформация отсутствует', 'Windows 10 Домашняя x64', 'AMD', 'A10-9700', '3.5 ГГц', '3.8 ГГц', '4', '8 Гб', 'HDD', '1 Тб', 'Нет', 'AMD', 'RX 550', '2000 МБ', 'Есть'),
	(9, 'Системный блок HP 590-a0011ur (4KF66EA)', 'https://static.eldorado.ru/photos/71/713/787/52/new_71378752_l_1534769593.jpeg/resize/200x200/', '21 990 р.', 'Иформация отсутствует', 'Windows 10 Домашняя x64', 'AMD', 'A6-9225', '2.6 ГГц', '3 ГГц', '2', '4 Гб', 'HDD', '500 Гб', 'DVD±RW', 'AMD', 'Radeon R4', '2000 МБ', 'Есть'),
	(10, 'Системный блок HP Pavilion 590-p0031ur (4JY20EA)', 'https://static.eldorado.ru/photos/71/713/784/39/new_71378439_l_1533670789.jpeg/resize/200x200/', '35 990 р.', 'Иформация отсутствует', 'Windows 10 Домашняя x64', 'AMD', 'A10-9700', '3.5 ГГц', '3.8 ГГц', '4', '8 Гб', 'HDD', '1 Тб', 'Нет', 'AMD', 'Radeon 520', '2000 МБ', 'Есть'),
	(11, 'Игровой компьютер Oldi Computers Game 740 (0527387)', 'https://static.eldorado.ru/photos/71/713/736/82/new_71373682_l_1524740280.jpeg/resize/200x200/', '130 990 р.', 'Есть', 'Windows 10 Домашняя x64', 'Intel', 'Core i3-8100', '3.6 ГГц', '3.8 ГГц', '4', '16 Гб', 'HDD+SSD', '2.250 Тб', 'Нет', 'nVidia', 'GeForce GTX 1070 Ti', '8192 МБ', 'Есть'),
	(12, 'Игровой компьютер Oldi Computers Game 750 (0527398)', 'https://static.eldorado.ru/photos/71/713/736/80/new_71373680_l_1524689898.jpeg/resize/200x200/', '205 990 р.', 'Есть', 'Windows 10 Домашняя x64', 'Intel', 'Core i7-8700K', '3.7 ГГц', '4.7 ГГц', '6', '32 Гб', 'HDD+SSD', '2.250 Тб', 'Нет', 'nVidia', 'GeForce GTX 1080', '8192 МБ', 'Есть'),
	(13, 'Игровой компьютер Oldi Computers Game 750 (0527391)', 'https://static.eldorado.ru/photos/71/713/736/81/new_71373681_l_1524740374.jpeg/resize/200x200/', '165 990 р.', 'Есть', 'Нет', 'Intel', 'Core i7-8700K', '3.7 ГГц', '4.7 ГГц', '6', '32 Гб', 'HDD+SSD', '2.250 Тб', 'Нет', 'nVidia', 'GeForce GTX 1080', '8192 МБ', 'Есть'),
	(14, 'Игровой компьютер Oldi Computers Game 740 (0527358)', 'https://static.eldorado.ru/photos/71/713/736/83/new_71373683_l_1524740107.jpeg/resize/200x200/', '125 990 р.', 'Есть', 'Нет', 'Intel', 'Core i3-8100', '3.6 ГГц', '4.7 ГГц', '4', '16 Гб', 'HDD+SSD', '2.250 Тб', 'Нет', 'nVidia', 'GeForce GTX 1070 Ti', '8192 МБ', 'Есть'),
	(15, 'Игровой компьютер HP Omen 880-111ur (3EQ89EA)', 'https://static.eldorado.ru/photos/71/713/787/56/new_71378756_l_1533997715.jpeg/resize/200x200/', '70 490 р.', 'Есть', 'Windows 10 Домашняя x64', 'Intel', 'Core i5-8400', '2.8 ГГц', '4 ГГц', '6', '8 Гб', 'HDD+Intel Optane', '1 Тб', 'DVD±RW', 'nVidia', 'Intel UHD Graphics 630 + NVIDIA GeForce GTX 1050', '2000 МБ', 'Есть'),
	(16, 'Системный блок HP Omen 880-180ur (4NF79EA)', 'https://static.eldorado.ru/photos/71/713/856/23/new_71385623_l_1542292725.jpeg/resize/200x200/', '117 990 р.', 'Есть', 'Windows 10 Домашняя x64', 'Intel', 'Core i7-8700', '3.2 ГГц', '4.6 ГГц', '6', '16 Гб', 'HDD+SSD', '1128 Тб', 'DVD±RW', 'nVidia', 'Intel UHD Graphics 630/ GeForce GTX 1060', '6144 МБ', 'Есть'),
	(17, 'Системный блок HP Pavilion 590-a0025ur (5KP33EA)', 'https://static.eldorado.ru/photos/71/713/858/16/new_71385816_l_1542154044.jpeg/resize/200x200/', '24 990 р.', 'Есть', 'Windows 10 Домашняя x64', 'Intel', 'Core i7-8700', '1.5 ГГц', '2.8 ГГц', '4', '4 Гб', 'HDD', '500 Гб', 'DVD±RW', 'Intel', 'UHD Graphics 600', '6144 МБ', 'Есть'),
	(18, 'Системный блок HP 460-p230ur (5KT90EA)', 'https://static.eldorado.ru/photos/71/713/858/17/new_71385817_l_1542105692.jpeg/resize/200x200/', '48 990 р.', 'Есть', 'Windows 10 Домашняя x64', 'Intel', 'Core i7-8700', '2.4 ГГц', '3 ГГц', '4', '8 Гб', 'HDD', '1 Тб', 'DVD±RW', 'nVidia', 'GeForce GTX 1050', '2048 МБ', 'Есть'),
	(19, 'Системный блок HP 460-p229ur (5KU21EA)', 'https://static.eldorado.ru/photos/71/713/858/18/new_71385818_l_1542106647.jpeg/resize/200x200/', '29 990 р.', 'Есть', 'Windows 10 Домашняя x64', 'Intel', 'Core i7-8700', '3.4 ГГц', '3 ГГц', '2', '4 Гб', 'HDD', '1 Тб', 'DVD±RW', 'Intel', 'HD Graphics 630', '2048 МБ', 'Есть'),
	(20, 'Системный блок HP Omen 880-113ur (3EQ91EA)', 'https://static.eldorado.ru/photos/71/713/858/46/new_71385846_l_1542117222.jpeg/resize/200x200/', '85 990 р.', 'Есть', 'Windows 10 Домашняя x64', 'Intel', 'Core i5-8400', '2.8 ГГц', '4 ГГц', '6', '8 Гб', 'HDD+SSD', '1016 Тб', 'DVD±RW', 'nVidia', 'GeForce GTX 1060', '6144 МБ', 'Есть'),
	(21, 'Системный блок Acer Aspire XC-330 (DT.B9DER.003)', 'https://static.eldorado.ru/photos/71/713/860/13/new_71386013_l_1542488461.jpeg/resize/200x200/', '16 990 р.', 'Есть', 'Windows 10 Домашняя x64', 'AMD', 'A4-9120', '2.2 ГГц', '2.5 ГГц', '2', '4 Гб', 'HDD', '500 Гб', 'Нет', 'AMD', 'Radeon R3', '6144 МБ', 'Есть'),
	(22, 'Системный блок HP Pavilion 570-p081ur', 'https://static.eldorado.ru/photos/71/713/688/18/new_71368818_l_1513183040.jpeg/resize/200x200/', '29 990 р.', 'Есть', 'Windows 10', 'AMD', 'A8-9600', '3.1 ГГц', '3.4 ГГц', '4', '8 Гб', 'HDD', '1 Тб', 'DVD±RW', 'AMD', 'Radeon R5 435', '2000 МБ', 'Есть'),
	(23, 'Системный блок Acer Aspire TC-730 (DT.B6LER.003)', 'https://static.eldorado.ru/photos/71/713/697/63/new_71369763_l_1518384004.jpeg/resize/200x200/', '25 990 р.', 'Есть', 'Windows 10 Домашняя', 'Intel', 'Pentium J4205', '1.5 ГГц', '2.6 ГГц', '4', '8 Гб', 'HDD', '1024 Гб', 'DVD±RW', 'nVidia', 'GeForce GT 710', '1024 МБ', 'Есть'),
	(24, 'Системный блок Dell Vostro 3667 (3667-0789)', 'https://static.eldorado.ru/photos/71/713/672/76/new_71367276_l_1510652474.jpeg/resize/200x200/', '28 990 р.', 'Есть', 'Windows 10 Домашняя', 'Intel', 'Core i3-6100', '3.7 ГГц', '2.6 ГГц', '2', '4 Гб', 'HDD', '1 Тб', 'Нет', 'nVidia', 'GeForce GT710', '2048 МБ', 'Есть'),
	(25, 'Системный блок HP Slimline 260-a141ur', 'https://static.eldorado.ru/photos/71/713/688/16/new_71368816_l_1513184876.jpeg/resize/200x200/', '22 990 р.', 'Есть', 'Windows 10', 'AMD', 'A6-7310', '2 ГГц', '2.4 ГГц', '4', '8 Гб', 'HDD', '1 Тб', 'DVD±RW', 'AMD', 'Radeon R4', '2048 МБ', 'Есть'),
	(26, 'Системный блок Apple Mac Mini (MGEQ2RU/A)', 'https://static.eldorado.ru/photos/71/711/249/42/new_71124942_l_33.jpeg/resize/200x200/', '45 540 р.', 'Есть', 'MacOS X', 'Intel', 'Core i5-4308U', '2.8 ГГц', '3.3 ГГц', '2', '8 Гб', 'HDD', '1000 Гб', 'DVD±RW', 'Intel', 'Intel HD Graphics', '2048 МБ', 'Есть'),
	(27, 'Системный блок HP Pavilion 595-p0057ur (4DW50EA)', 'https://static.eldorado.ru/photos/71/713/839/00/new_71383900_l_1540451031.jpeg/resize/200x200/', '59 990 р.', 'Есть', 'Windows 10 Домашняя x64', 'Intel', 'Core i5-8400', '2.8 ГГц', '4 ГГц', '6', '8 Гб', 'HDD+SSD', '1024+128 Тб', 'DVD±RW', 'nVidia', 'GeForce GTX 1050 Ti', '4096 МБ', 'Есть'),
	(28, 'Системный блок Lenovo IdeaCentre 510-15ABR (90G7004GRS)', 'https://static.eldorado.ru/photos/71/713/682/97/new_71368297_l_1513788156.jpeg/resize/200x200/', '29 990 р.', 'Есть', 'Windows 10', 'AMD', 'A8-9600', '3.1 ГГц', '3.4 ГГц', '4', '8 Гб', 'HDD', '1024 Гб', 'Нет', 'AMD', 'Radeon RX 550', '2048 МБ', 'Есть'),
	(29, 'Системный блок Apple Mac Mini (MGEM2RU/A)', 'https://static.eldorado.ru/photos/71/711/249/41/new_71124941_l_646.jpeg/resize/200x200/', '27 910 р.', 'Есть', 'MacOS X', 'Intel', 'Core i5-4260U', '1.4 ГГц', '2.7 ГГц', '2', '4 Гб', 'HDD', '500 Гб', 'Нет', 'Intel', 'Intel HD Graphics 5000', '2048 МБ', 'Есть'),
	(30, 'Игровой компьютер Oldi Computers Game 760 (0632065)', 'https://static.eldorado.ru/photos/71/713/836/44/new_71383644_l_1539858097.jpeg/resize/200x200/', '27 910 р.', 'Есть', 'Windows 10 Домашняя', 'Intel', 'Core i7-8700K', '3.7 ГГц', '4.7 ГГц', '6', '16 Гб', 'SSD', '250 Гб', 'Нет', 'nVidia', 'GeForce RTX 2080', '8192 МБ', 'Есть'),
	(31, 'Игровой компьютер Oldi Computers Game 740 (0629952)', 'https://static.eldorado.ru/photos/71/713/836/45/new_71383645_l_1539859769.jpeg/resize/200x200/', '27 910 р.', 'Есть', 'Windows 10 Домашняя x64', 'Intel', 'Core i7-8700K', '3 ГГц', '4.1 ГГц', '6', '16 Гб', 'SSD', '120 Гб', 'Нет', 'nVidia', 'GeForce GTX 1070 Ti', '8192 МБ', 'Есть'),
	(32, 'Игровой компьютер Oldi Computers Game 730 (0632886)', 'https://static.eldorado.ru/photos/71/713/836/46/new_71383646_l_1539859024.jpeg/resize/200x200/', '27 910 р.', 'Есть', 'Windows 10 Домашняя', 'Intel', 'Core i7-8700K', '3 ГГц', '4.1 ГГц', '6', '16 Гб', 'SSD', '250 Гб', 'Нет', 'nVidia', 'GeForce GTX 1060', '6144 МБ', 'Есть'),
	(33, 'Игровой компьютер HP Omen 880-116ur (3EQ94EA)', 'https://static.eldorado.ru/photos/71/713/856/06/new_71385606_l_1541718316.jpeg/resize/200x200/', '27 910 р.', 'Есть', 'Windows 10 Домашняя x64', 'Intel', 'Core i7-8700K', '3.6 ГГц', '4.3 ГГц', '6', '16 Гб', 'HDD+SSD', '1.128 Тб', 'DVD±RW', 'nVidia', 'GeForce GTX 1070', '8192 МБ', 'Есть'),
	(34, 'Игровой компьютер HP 790-0000ur (4DV18EA)', 'https://static.eldorado.ru/photos/71/713/856/09/new_71385609_l_1541718505.jpeg/resize/200x200/', '27 910 р.', 'Есть', 'Windows 10 Домашняя x64', 'Intel', 'Core i5-8400', '2.8 ГГц', '4 ГГц', '6', '16 Гб', 'HDD+SSD', '1.128 Тб', 'DVD±RW', 'nVidia', 'GeForce GTX 1070', '8192 МБ', 'Есть'),
	(35, 'Игровой компьютер HP Omen Obelisk 875-0001ur (4UE30EA)', 'https://static.eldorado.ru/photos/71/713/856/10/new_71385610_l_1541718562.jpeg/resize/200x200/', '27 910 р.', 'Есть', 'FreeDOS', 'Intel', 'Core i3-8100', '3.6 ГГц', '4 ГГц', '4', '8 Гб', 'HDD', '1 Тб', 'Нет', 'nVidia', 'GeForce GTX 1050', '2048 МБ', 'Есть'),
	(36, 'Игровой компьютер HP Omen Obelisk 875-0002ur (4UB71EA)', 'https://static.eldorado.ru/photos/71/713/856/11/new_71385611_l_1541718621.jpeg/resize/200x200/', '27 910 р.', 'Есть', 'Windows 10 Домашняя x64', 'Intel', 'Core i3-8100', '3.6 ГГц', '4 ГГц', '4', '8 Гб', 'HDD', '1 Тб', 'Нет', 'nVidia', 'GeForce GTX 1050', '2048 МБ', 'Есть'),
	(37, 'Системный блок HP Omen Obelisk 875-0003ur (4UA33EA)', 'https://static.eldorado.ru/photos/71/713/856/12/new_71385612_l_1541675761.jpeg/resize/200x200/', '27 910 р.', 'Есть', 'FreeDOS', 'Intel', 'Core i3-8100', '3.6 ГГц', '4 ГГц', '4', '8 Гб', 'HDD+SSD', '1128 Тб', 'Нет', 'nVidia', 'GeForce GTX 1050 Ti', '4096 МБ', 'Есть'),
	(38, 'Системный блок HP Omen Obelisk 875-0006ur (4UE12EA)', 'https://static.eldorado.ru/photos/71/713/856/15/new_71385615_l_1541678046.jpeg/resize/200x200/', '27 910 р.', 'Есть', 'Windows 10 Домашняя x64', 'Intel', 'Core i5-8400', '2.8 ГГц', '4 ГГц', '6', '8 Гб', 'HDD', '1 Тб', 'Нет', 'nVidia', 'GeForce GTX 1050', '2048 МБ', 'Есть'),
	(39, 'Системный блок HP Omen Obelisk 875-0012ur (4UC94EA)', 'https://static.eldorado.ru/photos/71/713/856/21/new_71385621_l_1541691110.jpeg/resize/200x200/', '27 910 р.', 'Есть', 'Windows 10 Домашняя x64', 'Intel', 'Core i5-8400', '2.8 ГГц', '4 ГГц', '6', '16 Гб', 'HDD+SSD', '2304 Гб', 'Нет', 'nVidia', 'Intel UHD Graphics 630 + NVIDIA GeForce GTX 1060', '6000 МБ', 'Есть'),
	(40, 'Системный блок HP Pavilion Gaming 790-0001ur (4DV19EA)', 'https://static.eldorado.ru/photos/71/713/856/22/new_71385622_l_1541980966.jpeg/resize/200x200/', '27 910 р.', 'Есть', 'Windows 10 Домашняя x64', 'Intel', 'Core i5-8400', '2.8 ГГц', '4 ГГц', '6', '16 Гб', 'HDD+SSD', '1.128 Тб', 'DVD±RW', 'nVidia', 'GeForce GTX 1080', '8192 МБ', 'Есть'),
	(41, 'Системный блок HP Envy 795-0000ur (4KC35EA)', 'https://static.eldorado.ru/photos/71/713/856/27/new_71385627_l_1542667310.jpeg/resize/200x200/', '27 910 р.', 'Есть', 'Windows 10 Домашняя x64', 'Intel', 'Core i5-8400', '2.8 ГГц', '4 ГГц', '6', '16 Гб', 'HDD+SSD', '1.128 Тб', 'DVD±RW', 'nVidia', 'GeForce GTX 1060', '6144 МБ', 'Есть'),
	(42, 'Системный блок HP Envy 795-0001ur (4JZ31EA)', 'https://static.eldorado.ru/photos/71/713/856/28/new_71385628_l_1542667327.jpeg/resize/200x200/', '27 910 р.', 'Есть', 'Windows 10 Домашняя x64', 'Intel', 'Core i5-8400', '2.8 ГГц', '4 ГГц', '6', '16 Гб', 'HDD+SSD', '1.128 Тб', 'DVD±RW', 'nVidia', 'GeForce GTX 1070', '8192 МБ', 'Есть'),
	(43, 'Системный блок HP Envy 795-0002ur (4JW62EA)', 'https://static.eldorado.ru/photos/71/713/856/29/new_71385629_l_1542667346.jpeg/resize/200x200/', '27 910 р.', 'Есть', 'Windows 10 Домашняя x64', 'Intel', 'Core i7-8700', '3.2 ГГц', '4.6 ГГц', '6', '16 Гб', 'HDD+SSD', '1.128 Тб', 'DVD±RW', 'nVidia', 'GeForce GTX 1070', '8192 МБ', 'Есть'),
	(44, 'Системный блок HP Envy 795-0003ur (4KG61EA)', 'https://static.eldorado.ru/photos/71/713/856/30/new_71385630_l_1542667392.jpeg/resize/200x200/', '27 910 р.', 'Есть', 'Windows 10 Домашняя x64', 'Intel', 'Core i7-8700', '3.2 ГГц', '4.6 ГГц', '6', '32 Гб', 'HDD+SSD', '1.256 Тб', 'DVD±RW', 'nVidia', 'GeForce GTX 1080', '8192 МБ', 'Есть'),
	(45, 'Системный блок HP Omen Obelisk 875-0015ur (5CR21EA)', 'https://static.eldorado.ru/photos/71/713/858/20/new_71385820_l_1542110291.jpeg/resize/200x200/', '27 910 р.', 'Есть', 'Windows 10 Домашняя x64', 'AMD', 'Core i7-8700', '3.4 ГГц', '3.8 ГГц', '6', '8 Гб', 'HDD+SSD', '1128 Тб', 'DVD±RW', 'nVidia', 'GeForce GTX 1060', '3072 МБ', 'Есть'),
	(46, 'Системный блок HP Omen Obelisk 875-0014ur (5CR23EA)', 'https://static.eldorado.ru/photos/71/713/858/41/new_71385841_l_1542111360.jpeg/resize/200x200/', '27 910 р.', 'Есть', 'Windows 10 Домашняя x64', 'AMD', 'Core i7-8700', '3.6 ГГц', '3.9 ГГц', '4', '8 Гб', 'HDD', '1 Тб', 'DVD±RW', 'nVidia', 'GeForce GTX 1050 Ti', '4096 МБ', 'Есть'),
	(47, 'Системный блок HP Omen Obelisk 875-0013ur (4XC52EA)', 'https://static.eldorado.ru/photos/71/713/858/42/new_71385842_l_1542112109.jpeg/resize/200x200/', '27 910 р.', 'Есть', 'Windows 10 Домашняя x64', 'Intel', 'Core i5-8400', '2.8 ГГц', '4 ГГц', '6', '16 Гб', 'HDD+SSD', '1128 Тб', 'DVD±RW', 'nVidia', 'GeForce GTX 1060', '3072 МБ', 'Есть'),
	(48, 'Системный блок HP Pavilion Gaming 790-0003ur (4DV21EA)', 'https://static.eldorado.ru/photos/71/713/858/44/new_71385844_l_1542114698.jpeg/resize/200x200/', '27 910 р.', 'Есть', 'Windows 10 Домашняя x64', 'Intel', 'Core i7-8700', '3.2 ГГц', '4.6 ГГц', '6', '16 Гб', 'HDD+SSD', '1128 Тб', 'DVD±RW', 'nVidia', 'GeForce GTX 1080', '8192 МБ', 'Есть');
/*!40000 ALTER TABLE `desctoppc` ENABLE KEYS */;

-- Дамп данных таблицы e_shopper.mobile: ~96 rows (приблизительно)
/*!40000 ALTER TABLE `mobile` DISABLE KEYS */;
INSERT INTO `mobile` (`pid`, `mobile_name`, `mobile_img`, `price`, `body_protection`, `os`, `support_2sim`, `core_num`, `clock_frequency`, `ram`, `internal_storage`, `screen_diag`, `screen_res`, `support_4g`, `camera`, `battery`) VALUES
	(1, 'Смартфон Samsung Galaxy A8 2018 Black (SM-A530FZKDSER)', 'https://static.eldorado.ru/photos/71/713/680/09/new_71368009_l_1516145570.jpeg/resize/200x200/', '22 990 р.', 'От влаги, От пыли', 'Android', 'Есть', '8', '2.2 GHz + 1.6 GHz ГГц', '4 ГБ', '32 ГБ', '5.6"', '2220x1080 Пикс', 'Есть', '16 Мпикс', '3000 мА*ч'),
	(2, 'Смартфон Samsung Galaxy A7 (2018) 64GB Black (SM-A750FN/DS)', 'https://static.eldorado.ru/photos/71/713/829/05/new_71382905_l_1539074836.jpeg/resize/200x200/', '26 990 р.', 'От влаги, От пыли', 'Android', 'Есть', '8', '6х1.6 + 2х2.2 ГГц', '4 ГБ', '64 ГБ', '6"', '2220x1080 Пикс', 'Есть', '24+8+5 Мпикс', '3300 мА*ч'),
	(3, 'Смартфон Samsung Galaxy A7 (2018) 64GB Blue (SM-A750FN/DS)', 'https://static.eldorado.ru/photos/71/713/829/04/new_71382904_l_1539074408.jpeg/resize/200x200/', '26 990 р.', 'От влаги, От пыли', 'Android', 'Есть', '8', '6х1.6 + 2х2.2 ГГц', '4 ГБ', '64 ГБ', '6"', '2220x1080 Пикс', 'Есть', '24+8+5 Мпикс', '3300 мА*ч'),
	(4, 'Смартфон Honor 9 64Gb Black', 'https://static.eldorado.ru/photos/71/713/626/30/new_71362630_l_1540981193.jpeg/resize/200x200/', '16 990 р.', 'От влаги, От пыли', 'Android', 'Есть', '8', '4 × Cortex A73 2.4 ГГц + 4 × Cortex A53 1.8 ГГц', '4 ГБ', '64 ГБ', '5.15"', '1920x1080 Пикс', 'Есть', '12+20 Мпикс', '3200 мА*ч'),
	(5, 'Смартфон Honor 9 64GB Grey', 'https://static.eldorado.ru/photos/71/713/458/78/new_71345878_l_1540981071.jpeg/resize/200x200/', '16 990 р.', 'От влаги, От пыли', 'Android', 'Есть', '8', '2.4 МГц', '4 ГБ', '64 ГБ', '5.15"', '1920x1080 Пикс', 'Есть', '12+20 Мпикс', '3200 мА*ч'),
	(6, 'Смартфон Honor 9 64GB Blue', 'https://static.eldorado.ru/photos/71/713/458/79/new_71345879_l_1540981117.jpeg/resize/200x200/', '16 990 р.', 'От влаги, От пыли', 'Android', 'Есть', '8', '2.4 МГц', '4 ГБ', '64 ГБ', '5.15"', '1920x1080 Пикс', 'Есть', '12+20 Мпикс', '3200 мА*ч'),
	(7, 'Смартфон Samsung Galaxy A7 (2018) 64GB Pink (SM-A750FN/DS)', 'https://static.eldorado.ru/photos/71/713/829/03/new_71382903_l_1539073641.jpeg/resize/200x200/', '26 990 р.', 'От влаги, От пыли', 'Android', 'Есть', '8', '6х1.6 + 2х2.2 ГГц', '4 ГБ', '64 ГБ', '6"', '2220x1080 Пикс', 'Есть', '24+8+5 Мпикс', '3300 мА*ч'),
	(8, 'Смартфон Xiaomi Redmi Note 5 32GB Gold', 'https://static.eldorado.ru/photos/71/713/747/65/new_71374765_l_1528961104.jpeg/resize/200x200/', '11 990 р.', 'От влаги, От пыли', 'Android', 'Есть', '8', '1.8 ГГц', '3 ГБ', '32 ГБ', '5.99"', '2160x1080 Пикс', 'Есть', '12+5 Мпикс', '4000 мА*ч'),
	(9, 'Смартфон Samsung Galaxy A8 2018 Gold (SM-A530FZDDSER)', 'https://static.eldorado.ru/photos/71/713/680/07/new_71368007_l_1516145466.jpeg/resize/200x200/', '22 990 р.', 'От влаги, От пыли', 'Android', 'Есть', '8', '2.2 GHz + 1.6 GHz ГГц', '4 ГБ', '32 ГБ', '5.6"', '2220x1080 Пикс', 'Есть', '16 Мпикс', '3000 мА*ч'),
	(10, 'Смартфон Samsung Galaxy S8 Black', 'https://static.eldorado.ru/photos/71/712/480/65/new_71248065_l_1493101662.jpeg/resize/200x200/', '39 990 р.', 'Водонепроницаемость, От пыли', 'Android', 'Есть', '8', '2.3 ГГц', '4 ГБ', '64 ГБ', '5.8"', '2960x1440 Пикс', 'Есть', '12 Мпикс', '3000 мА*ч'),
	(11, 'Смартфон Honor View 10 128GB Black', 'https://static.eldorado.ru/photos/71/713/701/08/new_71370108_l_1540989351.jpeg/resize/200x200/', '27 990 р.', 'Водонепроницаемость, От пыли', 'Android', 'Есть', '8', '4 × Cortex A73 2,36 ГГц + 4 × Cortex A53 1,8 ГГц', '6 ГБ', '128 ГБ', '5.99"', '2160x1080 Пикс', 'Есть', '16+20 Мпикс', '3750 мА*ч'),
	(12, 'Смартфон Honor View 10 128GB Blue', 'https://static.eldorado.ru/photos/71/713/701/07/new_71370107_l_1540989103.jpeg/resize/200x200/', '27 990 р.', 'Водонепроницаемость, От пыли', 'Android', 'Есть', '8', '4 x Cortex A73 2,36 ГГц + 4 x Cortex A53 1,8 ГГц', '6 ГБ', '128 ГБ', '5.99"', '2160x1080 Пикс', 'Есть', '16+20 Мпикс', '3750 мА*ч'),
	(13, 'Смартфон Samsung Galaxy S9+ 64GB Black', 'https://static.eldorado.ru/photos/71/713/709/80/new_71370980_l_1519296357.jpeg/resize/200x200/', '59 990 р.', 'От влаги, От пыли', 'Android', 'Есть', '8', '4х2.7 + 4х1.7 ГГц', '6 ГБ', '64 ГБ', '6.2"', '2960x1440 Пикс', 'Есть', '12+12 Мпикс', '3500 мА*ч'),
	(14, 'Смартфон Samsung Galaxy S9 64GB Black', 'https://static.eldorado.ru/photos/71/713/710/03/new_71371003_l_1519296031.jpeg/resize/200x200/', '54 990 р.', 'От влаги, От пыли', 'Android', 'Есть', '8', '4x2.7 + 4x1.7 ГГц', '4 ГБ', '64 ГБ', '5.8"', '2960x1440 Пикс', 'Есть', '12 Мпикс', '3000 мА*ч'),
	(15, 'Смартфон Honor 7X Black', 'https://static.eldorado.ru/photos/71/713/681/41/new_71368141_l_1540988055.jpeg/resize/200x200/', '14 990 р.', 'От влаги, От пыли', 'Android', 'Есть', '8', '4х2.36 + 4х1.7 ГГц', '4 ГБ', '64 ГБ', '5.9"', '2160x1080 Пикс', 'Есть', '16+2 Мпикс', '3340 мА*ч'),
	(16, 'Смартфон Honor View 10 128GB Red', 'https://static.eldorado.ru/photos/71/713/701/06/new_71370106_l_1540988570.jpeg/resize/200x200/', '27 990 р.', 'От влаги, От пыли', 'Android', 'Есть', '8', '4 × Cortex A73 2.36 ГГц + 4 × Cortex A53 1.8 ГГц', '6 ГБ', '128 ГБ', '5.99"', '2160x1080 Пикс', 'Есть', '16+20 Мпикс', '3750 мА*ч'),
	(17, 'Смартфон Samsung Galaxy S8 Plus Black', 'https://static.eldorado.ru/photos/71/712/480/68/new_71248068_l_1493103349.jpeg/resize/200x200/', '43 990 р.', 'Водонепроницаемость, От пыли', 'Android', 'Есть', '8', '2.3 ГГц', '4 ГБ', '64 ГБ', '6.2"', '2960x1440 Пикс', 'Есть', '12 Мпикс', '3500 мА*ч'),
	(18, 'Смартфон Honor 7X Blue', 'https://static.eldorado.ru/photos/71/713/680/90/new_71368090_l_1540986450.jpeg/resize/200x200/', '14 990 р.', 'Водонепроницаемость, От пыли', 'Android', 'Есть', '8', '4х2.36 + 4х1.7 ГГц', '4 ГБ', '64 ГБ', '5.9"', '2160x1080 Пикс', 'Есть', '16+2 Мпикс', '3340 мА*ч'),
	(19, 'Смартфон Honor 7A Pro Black', 'https://static.eldorado.ru/photos/71/713/738/11/new_71373811_l_1540990156.jpeg/resize/200x200/', '8 490 р.', 'Водонепроницаемость, От пыли', 'Android', 'Есть', '8', '4 x 1.4 + 4 x 1.1 ГГц', '2 ГБ', '16 ГБ', '5.7"', '1440x720 Пикс', 'Есть', '13 Мпикс', '3000 мА*ч'),
	(20, 'Смартфон Samsung Galaxy A8 2018 Blue (SM-A530FZBDSER)', 'https://static.eldorado.ru/photos/71/713/680/08/new_71368008_l_1523872516.jpeg/resize/200x200/', '22 990 р.', 'От влаги, От пыли', 'Android', 'Есть', '8', '2х2.2 + 6х1.6 ГГц', '4 ГБ', '32 ГБ', '5.6"', '2220x1080 Пикс', 'Есть', '16 Мпикс', '3000 мА*ч'),
	(21, 'Смартфон Samsung Galaxy Note 9 128GB Black', 'https://static.eldorado.ru/photos/71/713/783/50/new_71378350_l_1535480056.jpeg/resize/200x200/', '69 990 р.', 'От влаги, От пыли', 'Android', 'Есть', '8', '2.7+1.7 ГГц', '6 ГБ', '128 ГБ', '6.4"', '2960x1440 Пикс', 'Есть', '12 Мпикс', '4000 мА*ч'),
	(22, 'Смартфон Honor 7A Pro Blue', 'https://static.eldorado.ru/photos/71/713/735/70/new_71373570_l_1540990095.jpeg/resize/200x200/', '8 490 р.', 'От влаги, От пыли', 'Android', 'Есть', '8', '4 x 1.4 + 4 x 1.1 ГГц', '2 ГБ', '16 ГБ', '5.7"', '1440x720 Пикс', 'Есть', '13 Мпикс', '3000 мА*ч'),
	(23, 'Смартфон Samsung Galaxy S9 64GB Ultraviolet', 'https://static.eldorado.ru/photos/71/713/710/02/new_71371002_l_1519296721.jpeg/resize/200x200/', '54 990 р.', 'От влаги, От пыли', 'Android', 'Есть', '8', '4x2.7 + 4x1.7 ГГц', '4 ГБ', '64 ГБ', '5.8"', '2960x1440 Пикс', 'Есть', '12 Мпикс', '3000 мА*ч'),
	(24, 'Смартфон Samsung Galaxy S8 Ultraviolet', 'https://static.eldorado.ru/photos/71/712/480/63/new_71248063_l_1493100775.jpeg/resize/200x200/', '39 990 р.', 'Водонепроницаемость, От пыли', 'Android', 'Есть', '8', '2.3 ГГц', '4 ГБ', '64 ГБ', '5.8"', '2960x1440 Пикс', 'Есть', '12 Мпикс', '3000 мА*ч'),
	(25, 'Смартфон Samsung Galaxy S9+ 64GB Ultraviolet', 'https://static.eldorado.ru/photos/71/713/709/79/new_71370979_l_1519296608.jpeg/resize/200x200/', '59 990 р.', 'От влаги, От пыли', 'Android', 'Есть', '8', '4х2.7 + 4х1.7 ГГц', '6 ГБ', '64 ГБ', '6.2"', '2960x1440 Пикс', 'Есть', '12+12 Мпикс', '3500 мА*ч'),
	(26, 'Смартфон Honor 9 Lite 64GB Blue (LLD-L31)', 'https://static.eldorado.ru/photos/71/713/759/85/new_71375985_l_1540992952.jpeg/resize/200x200/', '14 990 р.', 'От влаги, От пыли', 'Android', 'Есть', '8', '4×2.36 & 4×1.7 ГГц', '4 ГБ', '64 ГБ', '5.65"', '2160x1080 Пикс', 'Есть', '13+2 Мпикс', '3000 мА*ч'),
	(27, 'Смартфон Samsung Galaxy S9+ 64GB Titan', 'https://static.eldorado.ru/photos/71/713/710/01/new_71371001_l_1519296494.jpeg/resize/200x200/', '59 990 р.', 'От влаги, От пыли', 'Android', 'Есть', '8', '4х2.7 + 4х1.7 ГГц', '6 ГБ', '64 ГБ', '6.2"', '2960x1440 Пикс', 'Есть', '12+12 Мпикс', '3500 мА*ч'),
	(28, 'Смартфон Honor 9 Lite 64GB Midnight Black (LLD-L31)', 'https://static.eldorado.ru/photos/71/713/759/86/new_71375986_l_1540993564.jpeg/resize/200x200/', '14 990 р.', 'От влаги, От пыли', 'Android', 'Есть', '8', '4×2.36 & 4×1.7 ГГц', '4 ГБ', '64 ГБ', '5.65"', '2160x1080 Пикс', 'Есть', '13+2 Мпикс', '3000 мА*ч'),
	(29, 'Смартфон Samsung Galaxy S9 64GB Titan', 'https://static.eldorado.ru/photos/71/713/710/04/new_71371004_l_1519296184.jpeg/resize/200x200/', '54 990 р.', 'От влаги, От пыли', 'Android', 'Есть', '8', '4x2.7 + 4x1.7 ГГц', '4 ГБ', '64 ГБ', '5.8"', '2960x1440 Пикс', 'Есть', '12 Мпикс', '3000 мА*ч'),
	(30, 'Смартфон Samsung Galaxy S9+ 256GB Black', 'https://static.eldorado.ru/photos/71/713/709/80/new_71370980_l_1519296357.jpeg/resize/200x200/', '67 990 р.', 'От влаги, От пыли', 'Android', 'Есть', '8', '4x2.7 + 4x1.7 ГГц', '6 ГБ', '256 ГБ', '6.2"', '2960x1440 Пикс', 'Есть', '12+12 Мпикс', '3500 мА*ч'),
	(31, 'Смартфон Sony Xperia XA1 DS Black', 'https://static.eldorado.ru/photos/71/713/352/44/new_71335244_l_1495379241.png/resize/200x200/', '15 990 р.', 'От влаги, От пыли', 'Android', 'Есть', '8', '2.3 ГГц', '3 ГБ', '32 ГБ', '5"', '1280x720 Пикс', 'Есть', '23 Мпикс', '2300 мА*ч'),
	(32, 'Смартфон Sony Xperia XA1 Plus Dual Black (G3412)', 'https://static.eldorado.ru/photos/71/713/746/55/new_71374655_l_1527622458.jpeg/resize/200x200/', '16 990 р.', 'От влаги, От пыли', 'Android', 'Есть', '8', '4 x 2.3 + 4 x 1.6 ГГц', '4 ГБ', '32 ГБ', '5.5"', '1920x1080 Пикс', 'Есть', '23 Мпикс', '3430 мА*ч'),
	(33, 'Смартфон Honor 10 64GB Phantom Blue', 'https://static.eldorado.ru/photos/71/713/721/82/new_71372182_l_1540989529.jpeg/resize/200x200/', '25 990 р.', 'От влаги, От пыли', 'Android', 'Есть', '8', '4х1.8 + 4х2.36 ГГц', '4 ГБ', '64 ГБ', '5.84"', '2280x1080 Пикс', 'Есть', '24+16 Мпикс', '3400 мА*ч'),
	(34, 'Смартфон Sony Xperia XA2 Dual Black', 'https://static.eldorado.ru/photos/71/713/746/53/new_71374653_l_1527622164.jpeg/resize/200x200/', '22 990 р.', 'От влаги, От пыли', 'Android', 'Есть', '8', '2.2 ГГц', '3 ГБ', '32 ГБ', '5.2"', '1920x1080 Пикс', 'Есть', '23 Мпикс', '3300 мА*ч'),
	(35, 'Смартфон Honor 9 Lite 64GB Glacier Grey (LLD-L31)', 'https://static.eldorado.ru/photos/71/713/759/84/new_71375984_l_1540992833.jpeg/resize/200x200/', '14 990 р.', 'От влаги, От пыли', 'Android', 'Есть', '8', '4×2.36 & 4×1.7 ГГц', '4 ГБ', '64 ГБ', '5.65"', '2160x1080 Пикс', 'Есть', '13+2 Мпикс', '3000 мА*ч'),
	(36, 'Смартфон Samsung Galaxy Note 9 512GB Copper', 'https://static.eldorado.ru/photos/71/713/783/49/new_71378349_l_1535479153.jpeg/resize/200x200/', '89 990 р.', 'От влаги, От пыли', 'Android', 'Есть', '8', '2.7+1.7 ГГц', '8 ГБ', '512 ГБ', '6.4"', '2960x1440 Пикс', 'Есть', '12 Мпикс', '4000 мА*ч'),
	(37, 'Смартфон Honor 10 64GB Midnight Black', 'https://static.eldorado.ru/photos/71/713/721/83/new_71372183_l_1540989606.jpeg/resize/200x200/', '25 990 р.', 'От влаги, От пыли', 'Android', 'Есть', '8', '4х1.8 + 4х2.36 ГГц', '4 ГБ', '64 ГБ', '5.84"', '2280x1080 Пикс', 'Есть', '24+16 Мпикс', '3400 мА*ч'),
	(38, 'Смартфон Vivo V11 Starry Night (1804)', 'https://static.eldorado.ru/photos/71/713/816/53/new_71381653_l_1537274916.jpeg/resize/200x200/', '29 990 р.', 'От влаги, От пыли', 'Android', 'Есть', '8', '2.2 ГГц', '6 ГБ', '128 ГБ', '6.41"', '2340x1080 Пикс', 'Есть', '12+5 Мпикс', '3400 мА*ч'),
	(39, 'Смартфон Samsung Galaxy S9+ 256GB Purple (SM-G965F/DS)', 'https://static.eldorado.ru/photos/71/713/746/10/new_71374610_l_1527525548.jpeg/resize/200x200/', '67 990 р.', 'От влаги, От пыли', 'Android', 'Есть', '8', '4х2.7 + 4х1.7 ГГц', '6 ГБ', '256 ГБ', '6.2"', '2960x1440 Пикс', 'Есть', '12+12 Мпикс', '3500 мА*ч'),
	(40, 'Смартфон Sony Xperia XA1 Plus Dual Gold (G3412)', 'https://static.eldorado.ru/photos/71/713/746/54/new_71374654_l_1527622301.jpeg/resize/200x200/', '16 990 р.', 'От влаги, От пыли', 'Android', 'Есть', '8', '4 x 2.3 + 4 x 1.6 ГГц', '4 ГБ', '32 ГБ', '5.5"', '1920x1080 Пикс', 'Есть', '23 Мпикс', '3430 мА*ч'),
	(41, 'Смартфон Samsung Galaxy Note 9 128GB Indigo', 'https://static.eldorado.ru/photos/71/713/783/48/new_71378348_l_1535478621.jpeg/resize/200x200/', '69 990 р.', 'От влаги, От пыли', 'Android', 'Есть', '8', '2.7+1.7 ГГц', '6 ГБ', '128 ГБ', '6.4"', '2960x1440 Пикс', 'Есть', '12 Мпикс', '4000 мА*ч'),
	(42, 'Смартфон Sony Xperia XA2 Plus Black (H4413)', 'https://static.eldorado.ru/photos/71/713/802/52/new_71380252_l_1535697400.jpeg/resize/200x200/', '25 990 р.', 'От влаги, От пыли', 'Android', 'Есть', '8', '2.2 ГГц', '4 ГБ', '32 ГБ', '6"', '2160x1080 Пикс', 'Есть', '23 Мпикс', '3580 мА*ч'),
	(43, 'Смартфон Vertex Impress Lagune 4G 32GB Black', 'https://static.eldorado.ru/photos/71/713/749/93/new_71374993_l_1529056340.jpeg/resize/200x200/', '5 990 р.', 'От влаги, От пыли', 'Android', 'Есть', '4', '1.25 ГГц', '3 ГБ', '32 ГБ', '5"', '1280x720 Пикс', 'Есть', '13 Мпикс', '2200 мА*ч'),
	(44, 'Смартфон Honor 10 64Gb Phantom Green (COL-L29)', 'https://static.eldorado.ru/photos/71/713/780/16/new_71378016_l_1540993775.jpeg/resize/200x200/', '25 990 р.', 'От влаги, От пыли', 'Android', 'Есть', '8', '2.36 ГГц', '4 ГБ', '64 ГБ', '5.84"', '2280x1080 Пикс', 'Есть', '24+16 Мпикс', '3400 мА*ч'),
	(45, 'Смартфон Samsung Galaxy S9+ 64GB Red', 'https://static.eldorado.ru/photos/71/713/793/31/new_71379331_l_1535709620.jpeg/resize/200x200/', '59 990 р.', 'Водонепроницаемость, От пыли', 'Android', 'Есть', '8', '2. 7+ 1.7 ГГц', '6 ГБ', '64 ГБ', '6.2"', '2960x1440 Пикс', 'Есть', '12+12 Мпикс', '3500 мА*ч'),
	(46, 'Смартфон Xiaomi Redmi 6 32GB Black', 'https://static.eldorado.ru/photos/71/713/829/34/new_71382934_l_1539180669.jpeg/resize/200x200/', '11 990 р.', 'Водонепроницаемость, От пыли', 'Android', 'Есть', '8', '2 ГГц', '3 ГБ', '32 ГБ', '5.45"', '1440x720 Пикс', 'Есть', '12+5 Мпикс', '3000 мА*ч'),
	(47, 'Смартфон Xiaomi Redmi 6 32GB Gold', 'https://static.eldorado.ru/photos/71/713/829/33/new_71382933_l_1539180254.jpeg/resize/200x200/', '11 990 р.', 'Водонепроницаемость, От пыли', 'Android', 'Есть', '8', '2 ГГц', '3 ГБ', '32 ГБ', '5.45"', '1440x720 Пикс', 'Есть', '12+5 Мпикс', '3000 мА*ч'),
	(48, 'Смартфон Apple iPhone 6S 32Gb Space Grey (MN0W2RU/A)', 'https://static.eldorado.ru/photos/71/712/059/86/new_71205986_l_1473875357.jpeg/resize/200x200/', '25 990 р.', 'Водонепроницаемость, От пыли', 'iOS', 'Есть', '2', '1.8 ГГц', '2 ГБ', '32 ГБ', '4.7"', '1334x750 Пикс', 'Есть', '12 Мпикс', '3000 мА*ч'),
	(49, 'Смартфон Apple iPhone 6S 32Gb Space Grey (MN0W2RU/A)', 'https://static.eldorado.ru/photos/71/712/059/86/new_71205986_l_1473875357.jpeg/resize/200x200/', '25 990 р.', 'Иформация отсутствует', 'iOS', 'Иформация отсутствует', '2', '1.8 ГГц', '2 ГБ', '32 ГБ', '4.7"', 'Иформация отсутствует', 'Есть', 'Иформация отсутствует', 'Иформация отсутствует'),
	(50, 'Смартфон Apple iPhone 6S 32Gb Rose Gold (MN122RU/A)', 'https://static.eldorado.ru/photos/71/712/059/83/new_71205983_l_1473874409.jpeg/resize/200x200/', '25 990 р.', 'Иформация отсутствует', 'iOS', 'Иформация отсутствует', '2', '1.8 ГГц', '2 ГБ', '32 ГБ', '4.7"', 'Иформация отсутствует', 'Есть', 'Иформация отсутствует', 'Иформация отсутствует'),
	(51, 'Смартфон Apple iPhone 6S 32Gb Gold (MN112RU/A)', 'https://static.eldorado.ru/photos/71/712/059/84/new_71205984_l_1473874785.jpeg/resize/200x200/', '25 990 р.', 'Иформация отсутствует', 'iOS', 'Иформация отсутствует', '2', '1.8 ГГц', '2 ГБ', '32 ГБ', '4.7"', 'Иформация отсутствует', 'Есть', 'Иформация отсутствует', 'Иформация отсутствует'),
	(52, 'Смартфон Apple iPhone Xr 64GB Black (MRY42RU/A)', 'https://static.eldorado.ru/photos/71/713/806/60/new_71380660_l_1536792179.jpeg/resize/200x200/', '64 950 р.', 'От влаги, От пыли', 'iOS', 'Иформация отсутствует', '6', '1.8 ГГц', '2 ГБ', '64 ГБ', '6.1"', 'Иформация отсутствует', 'Есть', 'Иформация отсутствует', 'Иформация отсутствует'),
	(53, 'Смартфон Apple iPhone Xr 64GB White (MRY52RU/A)', 'https://static.eldorado.ru/photos/71/713/806/61/new_71380661_l_1536792370.jpeg/resize/200x200/', '64 950 р.', 'От влаги, От пыли', 'iOS', 'Иформация отсутствует', '6', '1.8 ГГц', '2 ГБ', '64 ГБ', '6.1"', 'Иформация отсутствует', 'Есть', 'Иформация отсутствует', 'Иформация отсутствует'),
	(54, 'Смартфон Apple iPhone Xr 64GB Red (MRY62RU/A)', 'https://static.eldorado.ru/photos/71/713/806/62/new_71380662_l_1536792397.jpeg/resize/200x200/', '64 950 р.', 'От влаги, От пыли', 'iOS', 'Иформация отсутствует', '6', '1.8 ГГц', '2 ГБ', '64 ГБ', '6.1"', 'Иформация отсутствует', 'Есть', 'Иформация отсутствует', 'Иформация отсутствует'),
	(55, 'Смартфон Apple iPhone 6S Plus 32GB как новый Rose Gold (FN2Y2RU/A)', 'https://static.eldorado.ru/photos/71/713/811/31/new_71381131_l_1536317167.jpeg/resize/200x200/', '26 990 р.', 'От влаги, От пыли', 'iOS', 'Иформация отсутствует', '2', '1.8 ГГц', '2 ГБ', '32 ГБ', '5.5"', 'Иформация отсутствует', 'Есть', 'Иформация отсутствует', 'Иформация отсутствует'),
	(56, 'Смартфон Apple iPhone Xr 128GB Red (MRYE2RU/A)', 'https://static.eldorado.ru/photos/71/713/806/68/new_71380668_l_1536792580.jpeg/resize/200x200/', '68 950 р.', 'От влаги, От пыли', 'iOS', 'Иформация отсутствует', '6', '1.8 ГГц', '2 ГБ', '128 ГБ', '6.1"', 'Иформация отсутствует', 'Есть', 'Иформация отсутствует', 'Иформация отсутствует'),
	(57, 'Смартфон Apple iPhone X 64Gb Space Grey (MQAC2RU/A)', 'https://static.eldorado.ru/photos/71/713/640/78/new_71364078_l_1505392907.jpeg/resize/200x200/', '64 990 р.', 'От влаги, От пыли', 'iOS', 'Иформация отсутствует', '6', '1.8 ГГц', '2 ГБ', '64 ГБ', '5.8"', 'Иформация отсутствует', 'Есть', 'Иформация отсутствует', 'Иформация отсутствует'),
	(58, 'Смартфон Apple iPhone 8 64Gb Space Grey (MQ6G2RU/A)', 'https://static.eldorado.ru/photos/71/713/641/00/new_71364100_l_1505383712.jpeg/resize/200x200/', '46 990 р.', 'От влаги, От пыли', 'iOS', 'Иформация отсутствует', '6', '1.8 ГГц', '2 ГБ', '64 ГБ', '4.7"', 'Иформация отсутствует', 'Есть', 'Иформация отсутствует', 'Иформация отсутствует'),
	(59, 'Смартфон Apple iPhone 8 Plus 64Gb Gold (MQ8N2RU/A)', 'https://static.eldorado.ru/photos/71/713/640/92/new_71364092_l_1505391994.jpeg/resize/200x200/', '55 490 р.', 'От влаги, От пыли', 'iOS', 'Иформация отсутствует', '6', '1.8 ГГц', '2 ГБ', '64 ГБ', '5.5"', 'Иформация отсутствует', 'Есть', 'Иформация отсутствует', 'Иформация отсутствует'),
	(60, 'Смартфон Apple iPhone X 256Gb Space Grey (MQAF2RU/A)', 'https://static.eldorado.ru/photos/71/713/640/76/new_71364076_l_1505395215.jpeg/resize/200x200/', '74 990 р.', 'От влаги, От пыли', 'iOS', 'Иформация отсутствует', '6', '1.8 ГГц', '2 ГБ', '256 ГБ', '5.8"', 'Иформация отсутствует', 'Есть', 'Иформация отсутствует', 'Иформация отсутствует'),
	(61, 'Смартфон Apple iPhone X 64Gb Silver (MQAD2RU/A)', 'https://static.eldorado.ru/photos/71/713/640/77/new_71364077_l_1505394786.jpeg/resize/200x200/', '64 990 р.', 'От влаги, От пыли', 'iOS', 'Иформация отсутствует', '6', '1.8 ГГц', '2 ГБ', '64 ГБ', '5.8"', 'Иформация отсутствует', 'Есть', 'Иформация отсутствует', 'Иформация отсутствует'),
	(62, 'Смартфон Apple iPhone X 256Gb Silver (MQAG2RU/A)', 'https://static.eldorado.ru/photos/71/713/640/75/new_71364075_l_1505395484.jpeg/resize/200x200/', '74 990 р.', 'От влаги, От пыли', 'iOS', 'Иформация отсутствует', '6', '1.8 ГГц', '2 ГБ', '256 ГБ', '5.8"', 'Иформация отсутствует', 'Есть', 'Иформация отсутствует', 'Иформация отсутствует'),
	(63, 'Смартфон Apple iPhone 8 Plus 64Gb Space Grey (MQ8L2RU/A)', 'https://static.eldorado.ru/photos/71/713/640/94/new_71364094_l_1505388960.jpeg/resize/200x200/', '55 490 р.', 'От влаги, От пыли', 'iOS', 'Иформация отсутствует', '6', '1.8 ГГц', '2 ГБ', '64 ГБ', '5.5"', 'Иформация отсутствует', 'Есть', 'Иформация отсутствует', 'Иформация отсутствует'),
	(64, 'Смартфон Apple iPhone 6 32Gb Space Grey (MMQ3D2RU/A)', 'https://static.eldorado.ru/photos/71/713/315/75/new_71331575_l_1494490829.jpeg/resize/200x200/', '21 990 р.', 'От влаги, От пыли', 'iOS', 'Иформация отсутствует', '2', '1.4 ГГц', '1 ГБ', '32 ГБ', '4.7"', 'Иформация отсутствует', 'Есть', 'Иформация отсутствует', 'Иформация отсутствует'),
	(65, 'Смартфон Apple iPhone 8 64Gb Gold (MQ6J2RU/A)', 'https://static.eldorado.ru/photos/71/713/640/98/new_71364098_l_1505387887.jpeg/resize/200x200/', '46 990 р.', 'От влаги, От пыли', 'iOS', 'Иформация отсутствует', '6', '1.4 ГГц', '1 ГБ', '64 ГБ', '4.7"', 'Иформация отсутствует', 'Есть', 'Иформация отсутствует', 'Иформация отсутствует'),
	(66, 'Смартфон Apple iPhone 8 Plus 64Gb Silver (MQ8M2RU/A)', 'https://static.eldorado.ru/photos/71/713/640/93/new_71364093_l_1505390680.jpeg/resize/200x200/', '55 490 р.', 'От влаги, От пыли', 'iOS', 'Иформация отсутствует', '6', '1.4 ГГц', '1 ГБ', '64 ГБ', '5.5"', 'Иформация отсутствует', 'Есть', 'Иформация отсутствует', 'Иформация отсутствует'),
	(67, 'Смартфон Apple iPhone 8 64Gb Silver (MQ6H2RU/A)', 'https://static.eldorado.ru/photos/71/713/640/99/new_71364099_l_1505387358.jpeg/resize/200x200/', '46 990 р.', 'От влаги, От пыли', 'iOS', 'Иформация отсутствует', '6', '1.4 ГГц', '1 ГБ', '64 ГБ', '4.7"', 'Иформация отсутствует', 'Есть', 'Иформация отсутствует', 'Иформация отсутствует'),
	(68, 'Смартфон Apple iPhone SE 32Gb Gold (MP842RU/A)', 'https://static.eldorado.ru/photos/71/712/411/25/new_71241125_l_1490792139.jpeg/resize/200x200/', '18 990 р.', 'От влаги, От пыли', 'iOS', 'Иформация отсутствует', '2', '1.8 ГГц', '1 ГБ', '32 ГБ', '4"', 'Иформация отсутствует', 'Есть', 'Иформация отсутствует', 'Иформация отсутствует'),
	(69, 'Смартфон Apple iPhone 8 Plus 256Gb Space Grey (MQ8P2RU/A)', 'https://static.eldorado.ru/photos/71/713/640/91/new_71364091_l_1505389932.jpeg/resize/200x200/', '67 990 р.', 'От влаги, От пыли', 'iOS', 'Иформация отсутствует', '6', '1.8 ГГц', '1 ГБ', '256 ГБ', '5.5"', 'Иформация отсутствует', 'Есть', 'Иформация отсутствует', 'Иформация отсутствует'),
	(70, 'Смартфон Apple iPhone 8 256Gb Space Grey (MQ7C2RU/A)', 'https://static.eldorado.ru/photos/71/713/640/97/new_71364097_l_1505386779.jpeg/resize/200x200/', '55 990 р.', 'От влаги, От пыли', 'iOS', 'Иформация отсутствует', '6', '1.8 ГГц', '1 ГБ', '256 ГБ', '4.7"', 'Иформация отсутствует', 'Есть', 'Иформация отсутствует', 'Иформация отсутствует'),
	(71, 'Смартфон Apple iPhone 7 32Gb Jet Black (MQTX2RU/A)', 'https://static.eldorado.ru/photos/71/713/641/40/new_71364140_l_1506073022.jpeg/resize/200x200/', '37 990 р.', 'От влаги, От пыли', 'iOS', 'Иформация отсутствует', '4', '2.37 ГГц', '2 ГБ', '32 ГБ', '4.7"', 'Иформация отсутствует', 'Есть', 'Иформация отсутствует', 'Иформация отсутствует'),
	(72, 'Смартфон Apple iPhone 8 256Gb Silver (MQ7D2RU/A)', 'https://static.eldorado.ru/photos/71/713/640/96/new_71364096_l_1505387679.jpeg/resize/200x200/', '55 990 р.', 'От влаги, От пыли', 'iOS', 'Иформация отсутствует', '6', '2.37 ГГц', '2 ГБ', '256 ГБ', '4.7"', 'Иформация отсутствует', 'Есть', 'Иформация отсутствует', 'Иформация отсутствует'),
	(73, 'Смартфон Apple iPhone SE 32Gb Space Grey (MP822RU/A)', 'https://static.eldorado.ru/photos/71/712/411/24/new_71241124_l_1490604528.jpeg/resize/200x200/', '18 990 р.', 'От влаги, От пыли', 'iOS', 'Иформация отсутствует', '2', '1.8 ГГц', '2 ГБ', '32 ГБ', '4"', 'Иформация отсутствует', 'Есть', 'Иформация отсутствует', 'Иформация отсутствует'),
	(74, 'Смартфон Apple iPhone SE 32Gb Rose Gold (MP852RU/A)', 'https://static.eldorado.ru/photos/71/712/411/26/new_71241126_l_1490792794.jpeg/resize/200x200/', '18 990 р.', 'От влаги, От пыли', 'iOS', 'Иформация отсутствует', '2', '1.8 ГГц', '2 ГБ', '32 ГБ', '4"', 'Иформация отсутствует', 'Есть', 'Иформация отсутствует', 'Иформация отсутствует'),
	(75, 'Смартфон Apple iPhone 8 64GB (PRODUCT) Red (MRRM2RU/A)', 'https://static.eldorado.ru/photos/71/713/732/97/new_71373297_l_1524055267.jpeg/resize/200x200/', '46 990 р.', 'От влаги, От пыли', 'iOS', 'Иформация отсутствует', '6', '1.8 ГГц', '2 ГБ', '64 ГБ', '4.7"', 'Иформация отсутствует', 'Есть', 'Иформация отсутствует', 'Иформация отсутствует'),
	(76, 'Смартфон Apple iPhone 7 Plus 128Gb Rose Gold (MN4U2RU/A)', 'https://static.eldorado.ru/photos/71/712/058/25/new_71205825_l_1473865879.jpeg/resize/200x200/', '51 990 р.', 'От влаги, От пыли', 'iOS', 'Иформация отсутствует', '4', '2.37 ГГц', '3 ГБ', '128 ГБ', '5.5"', 'Иформация отсутствует', 'Есть', 'Иформация отсутствует', 'Иформация отсутствует'),
	(77, 'Смартфон Apple iPhone 7 Plus 32Gb Gold (MNQP2RU/A)', 'https://static.eldorado.ru/photos/71/712/058/33/new_71205833_l_1473864992.jpeg/resize/200x200/', '46 990 р.', 'От влаги, От пыли', 'iOS', 'Иформация отсутствует', '4', '2.37 ГГц', '3 ГБ', '32 ГБ', '5.5"', 'Иформация отсутствует', 'Есть', 'Иформация отсутствует', 'Иформация отсутствует'),
	(78, 'Смартфон Apple iPhone SE 32Gb Silver (MP832RU/A)', 'https://static.eldorado.ru/photos/71/712/411/27/new_71241127_l_1490793867.jpeg/resize/200x200/', '18 990 р.', 'От влаги, От пыли', 'iOS', 'Иформация отсутствует', '2', '1.8 ГГц', '3 ГБ', '32 ГБ', '4"', 'Иформация отсутствует', 'Есть', 'Иформация отсутствует', 'Иформация отсутствует'),
	(79, 'Смартфон Apple iPhone 7 32Gb Black (MN8X2RU/A)', 'https://static.eldorado.ru/photos/71/712/058/18/new_71205818_l_1473862762.jpeg/resize/200x200/', '37 990 р.', 'От влаги, От пыли', 'iOS', 'Иформация отсутствует', '4', '2.37 ГГц', '2 ГБ', '32 ГБ', '4.7"', 'Иформация отсутствует', 'Есть', 'Иформация отсутствует', 'Иформация отсутствует'),
	(80, 'Смартфон Apple iPhone 7 Plus 32Gb Black (MNQM2RU/A)', 'https://static.eldorado.ru/photos/71/712/058/32/new_71205832_l_1473864705.jpeg/resize/200x200/', '46 990 р.', 'От влаги, От пыли', 'iOS', 'Иформация отсутствует', '4', '2.37 ГГц', '3 ГБ', '32 ГБ', '5.5"', 'Иформация отсутствует', 'Есть', 'Иформация отсутствует', 'Иформация отсутствует'),
	(81, 'Смартфон Apple iPhone 7 32Gb Rose Gold (MN912RU/A)', 'https://static.eldorado.ru/photos/71/712/058/20/new_71205820_l_1473863818.jpeg/resize/200x200/', '37 990 р.', 'От влаги, От пыли', 'iOS', 'Иформация отсутствует', '4', '2.37 ГГц', '2 ГБ', '32 ГБ', '4.7"', 'Иформация отсутствует', 'Есть', 'Иформация отсутствует', 'Иформация отсутствует'),
	(82, 'Смартфон Apple iPhone 7 32Gb Silver (MN8Y2RU/A)', 'https://static.eldorado.ru/photos/71/712/058/21/new_71205821_l_1473864204.jpeg/resize/200x200/', '37 990 р.', 'От влаги, От пыли', 'iOS', 'Иформация отсутствует', '4', '2.37 ГГц', '2 ГБ', '32 ГБ', '4.7"', 'Иформация отсутствует', 'Есть', 'Иформация отсутствует', 'Иформация отсутствует'),
	(83, 'Смартфон Apple iPhone 7 128Gb Gold (MN942RU/A)', 'https://static.eldorado.ru/photos/71/712/057/99/new_71205799_l_1473862924.jpeg/resize/200x200/', '43 990 р.', 'От влаги, От пыли', 'iOS', 'Иформация отсутствует', '4', '2.37 ГГц', '2 ГБ', '128 ГБ', '4.7"', 'Иформация отсутствует', 'Есть', 'Иформация отсутствует', 'Иформация отсутствует'),
	(84, 'Смартфон Apple iPhone 7 128Gb Silver (MN932RU/A)', 'https://static.eldorado.ru/photos/71/712/058/12/new_71205812_l_1473864201.jpeg/resize/200x200/', '43 990 р.', 'От влаги, От пыли', 'iOS', 'Иформация отсутствует', '4', '2.37 ГГц', '2 ГБ', '128 ГБ', '4.7"', 'Иформация отсутствует', 'Есть', 'Иформация отсутствует', 'Иформация отсутствует'),
	(85, 'Смартфон Apple iPhone 7 128Gb Black (MN922RU/A)', 'https://static.eldorado.ru/photos/71/712/057/98/new_71205798_l_1473862608.jpeg/resize/200x200/', '43 990 р.', 'От влаги, От пыли', 'iOS', 'Иформация отсутствует', '4', '2.37 ГГц', '2 ГБ', '128 ГБ', '4.7"', 'Иформация отсутствует', 'Есть', 'Иформация отсутствует', 'Иформация отсутствует'),
	(86, 'Смартфон Apple iPhone 7 128Gb Rose Gold (MN952RU/A)', 'https://static.eldorado.ru/photos/71/712/058/11/new_71205811_l_1473863671.jpeg/resize/200x200/', '43 990 р.', 'От влаги, От пыли', 'iOS', 'Иформация отсутствует', '4', '2.37 ГГц', '2 ГБ', '128 ГБ', '4.7"', 'Иформация отсутствует', 'Есть', 'Иформация отсутствует', 'Иформация отсутствует'),
	(87, 'Смартфон Apple iPhone 7 32Gb Gold (MN902RU/A)', 'https://static.eldorado.ru/photos/71/712/058/19/new_71205819_l_1473863249.jpeg/resize/200x200/', '37 990 р.', 'От влаги, От пыли', 'iOS', 'Иформация отсутствует', '4', '2.37 ГГц', '2 ГБ', '32 ГБ', '4.7"', 'Иформация отсутствует', 'Есть', 'Иформация отсутствует', 'Иформация отсутствует'),
	(88, 'Смартфон Apple iPhone 8 Plus 64GB (PRODUCT) Red (MRT92RU/A)', 'https://static.eldorado.ru/photos/71/713/732/95/new_71373295_l_1524056133.jpeg/resize/200x200/', '55 490 р.', 'От влаги, От пыли', 'iOS', 'Иформация отсутствует', '6', '2.37 ГГц', '2 ГБ', '64 ГБ', '5.5"', 'Иформация отсутствует', 'Есть', 'Иформация отсутствует', 'Иформация отсутствует'),
	(89, 'Смартфон Apple iPhone 6 32GB Gold (MQ3E2RU/A)', 'https://static.eldorado.ru/photos/71/713/745/01/new_71374501_l_1527259474.jpeg/resize/200x200/', '21 990 р.', 'От влаги, От пыли', 'iOS', 'Иформация отсутствует', '2', '1.4 ГГц', '1 ГБ', '32 ГБ', '4.7"', 'Иформация отсутствует', 'Есть', 'Иформация отсутствует', '1810 мА*ч'),
	(90, 'Смартфон Apple iPhone Xs Max 256GB Gold (MT552RU/A)', 'https://static.eldorado.ru/photos/71/713/806/56/new_71380656_l_1536791820.jpeg/resize/200x200/', '109 890 р.', 'От влаги, От пыли', 'iOS', 'Иформация отсутствует', '6', '1.4 ГГц', '1 ГБ', '256 ГБ', '6.5"', 'Иформация отсутствует', 'Есть', 'Иформация отсутствует', '1810 мА*ч'),
	(91, 'Смартфон Apple iPhone Xs 64GB Gold (MT9G2RU/A)', 'https://static.eldorado.ru/photos/71/713/806/44/new_71380644_l_1536790645.jpeg/resize/200x200/', '87 890 р.', 'От влаги, От пыли', 'iOS', 'Иформация отсутствует', '6', '1.4 ГГц', '1 ГБ', '64 ГБ', '5.8"', 'Иформация отсутствует', 'Есть', 'Иформация отсутствует', '1810 мА*ч'),
	(92, 'Смартфон Apple iPhone Xs Max 256GB Space Grey (MT532RU/A)', 'https://static.eldorado.ru/photos/71/713/806/54/new_71380654_l_1536791714.jpeg/resize/200x200/', '109 890 р.', 'От влаги, От пыли', 'iOS', 'Иформация отсутствует', '6', '1.4 ГГц', '1 ГБ', '256 ГБ', '6.5"', 'Иформация отсутствует', 'Есть', 'Иформация отсутствует', '1810 мА*ч'),
	(93, 'Смартфон Apple iPhone Xs 64GB Space Grey (MT9E2RU/A)', 'https://static.eldorado.ru/photos/71/713/806/42/new_71380642_l_1536790557.jpeg/resize/200x200/', '87 890 р.', 'От влаги, От пыли', 'iOS', 'Иформация отсутствует', '6', '1.4 ГГц', '1 ГБ', '64 ГБ', '5.8"', 'Иформация отсутствует', 'Есть', 'Иформация отсутствует', '1810 мА*ч'),
	(94, 'Смартфон Apple iPhone Xs 256GB Gold (MT9K2RU/A)', 'https://static.eldorado.ru/photos/71/713/806/47/new_71380647_l_1536790831.jpeg/resize/200x200/', '98 990 р.', 'От влаги, От пыли', 'iOS', 'Иформация отсутствует', '6', '1.4 ГГц', '1 ГБ', '256 ГБ', '5.8"', 'Иформация отсутствует', 'Есть', 'Иформация отсутствует', '1810 мА*ч'),
	(95, 'Смартфон Apple iPhone Xr 128GB Black (MRY92RU/A)', 'https://static.eldorado.ru/photos/71/713/806/65/new_71380665_l_1536792530.jpeg/resize/200x200/', '68 950 р.', 'От влаги, От пыли', 'iOS', 'Иформация отсутствует', '6', '1.4 ГГц', '1 ГБ', '128 ГБ', '6.1"', 'Иформация отсутствует', 'Есть', 'Иформация отсутствует', '1810 мА*ч'),
	(96, 'Смартфон Apple iPhone Xs 256GB Space Grey (MT9H2RU/A)', 'https://static.eldorado.ru/photos/71/713/806/45/new_71380645_l_1536790686.jpeg/resize/200x200/', '98 990 р.', 'От влаги, От пыли', 'iOS', 'Иформация отсутствует', '6', '1.4 ГГц', '1 ГБ', '256 ГБ', '5.8"', 'Иформация отсутствует', 'Есть', 'Иформация отсутствует', '1810 мА*ч');
/*!40000 ALTER TABLE `mobile` ENABLE KEYS */;

-- Дамп данных таблицы e_shopper.mobiles_colors: ~119 rows (приблизительно)
/*!40000 ALTER TABLE `mobiles_colors` DISABLE KEYS */;
INSERT INTO `mobiles_colors` (`pid`, `fk_mobile`, `fk_color`, `color_img`) VALUES
	(1, 2, 1, 'Информация отсутствует'),
	(2, 4, 1, 'Информация отсутствует'),
	(3, 10, 1, 'Информация отсутствует'),
	(4, 11, 1, 'Информация отсутствует'),
	(5, 13, 1, 'Информация отсутствует'),
	(6, 14, 1, 'Информация отсутствует'),
	(7, 15, 1, 'Информация отсутствует'),
	(8, 17, 1, 'Информация отсутствует'),
	(9, 19, 1, 'Информация отсутствует'),
	(10, 21, 1, 'Информация отсутствует'),
	(11, 28, 1, 'Информация отсутствует'),
	(12, 30, 1, 'Информация отсутствует'),
	(13, 31, 1, 'Информация отсутствует'),
	(14, 32, 1, 'Информация отсутствует'),
	(15, 34, 1, 'Информация отсутствует'),
	(16, 37, 1, 'Информация отсутствует'),
	(17, 42, 1, 'Информация отсутствует'),
	(18, 43, 1, 'Информация отсутствует'),
	(19, 46, 1, 'Информация отсутствует'),
	(20, 52, 1, 'Информация отсутствует'),
	(21, 71, 1, 'Информация отсутствует'),
	(22, 79, 1, 'Информация отсутствует'),
	(23, 80, 1, 'Информация отсутствует'),
	(24, 85, 1, 'Информация отсутствует'),
	(25, 95, 1, 'Информация отсутствует'),
	(26, 3, 2, 'Информация отсутствует'),
	(27, 6, 2, 'Информация отсутствует'),
	(28, 12, 2, 'Информация отсутствует'),
	(29, 18, 2, 'Информация отсутствует'),
	(30, 20, 2, 'Информация отсутствует'),
	(31, 22, 2, 'Информация отсутствует'),
	(32, 26, 2, 'Информация отсутствует'),
	(33, 33, 2, 'Информация отсутствует'),
	(34, 5, 3, 'Информация отсутствует'),
	(35, 35, 3, 'Информация отсутствует'),
	(36, 7, 4, 'Информация отсутствует'),
	(37, 8, 5, 'Информация отсутствует'),
	(38, 9, 5, 'Информация отсутствует'),
	(39, 40, 5, 'Информация отсутствует'),
	(40, 47, 5, 'Информация отсутствует'),
	(41, 51, 5, 'Информация отсутствует'),
	(42, 59, 5, 'Информация отсутствует'),
	(43, 65, 5, 'Информация отсутствует'),
	(44, 68, 5, 'Информация отсутствует'),
	(45, 77, 5, 'Информация отсутствует'),
	(46, 83, 5, 'Информация отсутствует'),
	(47, 87, 5, 'Информация отсутствует'),
	(48, 89, 5, 'Информация отсутствует'),
	(49, 90, 5, 'Информация отсутствует'),
	(50, 91, 5, 'Информация отсутствует'),
	(51, 94, 5, 'Информация отсутствует'),
	(52, 8, 8, 'Информация отсутствует'),
	(53, 9, 8, 'Информация отсутствует'),
	(54, 40, 8, 'Информация отсутствует'),
	(55, 47, 8, 'Информация отсутствует'),
	(56, 51, 8, 'Информация отсутствует'),
	(57, 59, 8, 'Информация отсутствует'),
	(58, 65, 8, 'Информация отсутствует'),
	(59, 68, 8, 'Информация отсутствует'),
	(60, 77, 8, 'Информация отсутствует'),
	(61, 83, 8, 'Информация отсутствует'),
	(62, 87, 8, 'Информация отсутствует'),
	(63, 89, 8, 'Информация отсутствует'),
	(64, 90, 8, 'Информация отсутствует'),
	(65, 91, 8, 'Информация отсутствует'),
	(66, 94, 8, 'Информация отсутствует'),
	(67, 16, 6, 'Информация отсутствует'),
	(68, 45, 6, 'Информация отсутствует'),
	(69, 54, 6, 'Информация отсутствует'),
	(70, 56, 6, 'Информация отсутствует'),
	(71, 75, 6, 'Информация отсутствует'),
	(72, 88, 6, 'Информация отсутствует'),
	(73, 16, 9, 'Информация отсутствует'),
	(74, 45, 9, 'Информация отсутствует'),
	(75, 54, 9, 'Информация отсутствует'),
	(76, 56, 9, 'Информация отсутствует'),
	(77, 75, 9, 'Информация отсутствует'),
	(78, 88, 9, 'Информация отсутствует'),
	(79, 23, 7, 'Информация отсутствует'),
	(80, 24, 7, 'Информация отсутствует'),
	(81, 25, 7, 'Информация отсутствует'),
	(82, 23, 10, 'Информация отсутствует'),
	(83, 24, 10, 'Информация отсутствует'),
	(84, 25, 10, 'Информация отсутствует'),
	(85, 27, 11, 'Информация отсутствует'),
	(86, 29, 11, 'Информация отсутствует'),
	(87, 36, 12, 'Информация отсутствует'),
	(88, 39, 13, 'Информация отсутствует'),
	(89, 41, 14, 'Информация отсутствует'),
	(90, 44, 15, 'Информация отсутствует'),
	(91, 38, 16, 'Информация отсутствует'),
	(92, 53, 17, 'Информация отсутствует'),
	(93, 61, 18, 'Информация отсутствует'),
	(94, 62, 18, 'Информация отсутствует'),
	(95, 66, 18, 'Информация отсутствует'),
	(96, 67, 18, 'Информация отсутствует'),
	(97, 72, 18, 'Информация отсутствует'),
	(98, 78, 18, 'Информация отсутствует'),
	(99, 82, 18, 'Информация отсутствует'),
	(100, 84, 18, 'Информация отсутствует'),
	(101, 48, 19, 'Информация отсутствует'),
	(102, 49, 19, 'Информация отсутствует'),
	(103, 57, 19, 'Информация отсутствует'),
	(104, 58, 19, 'Информация отсутствует'),
	(105, 60, 19, 'Информация отсутствует'),
	(106, 63, 19, 'Информация отсутствует'),
	(107, 64, 19, 'Информация отсутствует'),
	(108, 69, 19, 'Информация отсутствует'),
	(109, 70, 19, 'Информация отсутствует'),
	(110, 73, 19, 'Информация отсутствует'),
	(111, 92, 19, 'Информация отсутствует'),
	(112, 93, 19, 'Информация отсутствует'),
	(113, 96, 19, 'Информация отсутствует'),
	(114, 50, 20, 'Информация отсутствует'),
	(115, 55, 20, 'Информация отсутствует'),
	(116, 74, 20, 'Информация отсутствует'),
	(117, 76, 20, 'Информация отсутствует'),
	(118, 81, 20, 'Информация отсутствует'),
	(119, 86, 20, 'Информация отсутствует');
/*!40000 ALTER TABLE `mobiles_colors` ENABLE KEYS */;

/*!40101 SET SQL_MODE=IFNULL(@OLD_SQL_MODE, '') */;
/*!40014 SET FOREIGN_KEY_CHECKS=IF(@OLD_FOREIGN_KEY_CHECKS IS NULL, 1, @OLD_FOREIGN_KEY_CHECKS) */;
/*!40101 SET CHARACTER_SET_CLIENT=@OLD_CHARACTER_SET_CLIENT */;
