-- --------------------------------------------------------
-- Хост:                         127.0.0.1
-- Версия сервера:               5.7.19 - MySQL Community Server (GPL)
-- Операционная система:         Win32
-- HeidiSQL Версия:              9.5.0.5196
-- --------------------------------------------------------

/*!40101 SET @OLD_CHARACTER_SET_CLIENT=@@CHARACTER_SET_CLIENT */;
/*!40101 SET NAMES utf8 */;
/*!50503 SET NAMES utf8mb4 */;
/*!40014 SET @OLD_FOREIGN_KEY_CHECKS=@@FOREIGN_KEY_CHECKS, FOREIGN_KEY_CHECKS=0 */;
/*!40101 SET @OLD_SQL_MODE=@@SQL_MODE, SQL_MODE='NO_AUTO_VALUE_ON_ZERO' */;


-- Дамп структуры базы данных e_shopper
CREATE DATABASE IF NOT EXISTS `e_shopper` /*!40100 DEFAULT CHARACTER SET utf8 */;
USE `e_shopper`;

-- Дамп структуры для таблица e_shopper.colors
CREATE TABLE IF NOT EXISTS `colors` (
  `pid` int(11) NOT NULL AUTO_INCREMENT,
  `color_description_en` varchar(50) NOT NULL,
  `color_description_ru` varchar(50) NOT NULL,
  PRIMARY KEY (`pid`)
) ENGINE=InnoDB AUTO_INCREMENT=21 DEFAULT CHARSET=utf8;

-- Дамп данных таблицы e_shopper.colors: ~17 rows (приблизительно)
/*!40000 ALTER TABLE `colors` DISABLE KEYS */;
INSERT INTO `colors` (`pid`, `color_description_en`, `color_description_ru`) VALUES
	(1, 'Black', 'Черный'),
	(2, 'Blue', 'Синий'),
	(3, 'Grey', 'Серый'),
	(4, 'Pink', 'Розовый'),
	(5, 'Gold', 'Золотой'),
	(6, 'Red', 'Красный'),
	(7, 'Ultraviolet', 'Ультрафиолет'),
	(8, 'Titan', 'Титан'),
	(9, 'Copper', 'Медь'),
	(10, 'Purple', 'Пурпурный'),
	(11, 'Indigo', 'Индиго'),
	(12, 'Green', 'Зеленый'),
	(13, 'Starry Night', 'Звездное небо'),
	(14, 'White', 'Белый'),
	(15, 'Silver', 'Серебряный'),
	(16, 'Space Grey', 'Космический серый'),
	(17, 'Rose Gold', 'Розовое золото'),
	(18, 'Brown', 'Коричневый'),
	(19, 'Violet', 'Фиолетовый'),
	(20, 'Burgundy', 'Бордовый');
/*!40000 ALTER TABLE `colors` ENABLE KEYS */;

-- Дамп структуры для таблица e_shopper.desctoppc
CREATE TABLE IF NOT EXISTS `desctoppc` (
  `pid` int(11) NOT NULL AUTO_INCREMENT,
  `name_pc` varchar(100) NOT NULL,
  `image_pc` varchar(100) NOT NULL DEFAULT 'Информация отсутствует',
  `price` varchar(30) NOT NULL DEFAULT 'Информация отсутствует',
  `is_gaming` varchar(30) NOT NULL DEFAULT 'Информация отсутствует',
  `os` varchar(30) NOT NULL DEFAULT 'Информация отсутствует',
  `processor` varchar(30) NOT NULL DEFAULT 'Информация отсутствует',
  `processor_model` varchar(30) NOT NULL DEFAULT 'Информация отсутствует',
  `clock_frequency` varchar(30) NOT NULL DEFAULT 'Информация отсутствует',
  `max_clock_frequency` varchar(30) NOT NULL DEFAULT 'Информация отсутствует',
  `core_num` varchar(30) NOT NULL DEFAULT 'Информация отсутствует',
  `ram` varchar(30) NOT NULL DEFAULT 'Информация отсутствует',
  `drive_type` varchar(30) NOT NULL DEFAULT 'Информация отсутствует',
  `drive_size` varchar(30) NOT NULL DEFAULT 'Информация отсутствует',
  `optical_drive_type` varchar(30) NOT NULL DEFAULT 'Информация отсутствует',
  `graphics_card_producer` varchar(30) NOT NULL DEFAULT 'Информация отсутствует',
  `graphics_card_model` varchar(70) NOT NULL DEFAULT 'Информация отсутствует',
  `graphics_card_size` varchar(30) NOT NULL DEFAULT 'Информация отсутствует',
  `wi_fi` varchar(30) NOT NULL DEFAULT 'Информация отсутствует',
  PRIMARY KEY (`pid`)
) ENGINE=InnoDB AUTO_INCREMENT=49 DEFAULT CHARSET=utf8;

-- Дамп данных таблицы e_shopper.desctoppc: ~48 rows (приблизительно)
/*!40000 ALTER TABLE `desctoppc` DISABLE KEYS */;
INSERT INTO `desctoppc` (`pid`, `name_pc`, `image_pc`, `price`, `is_gaming`, `os`, `processor`, `processor_model`, `clock_frequency`, `max_clock_frequency`, `core_num`, `ram`, `drive_type`, `drive_size`, `optical_drive_type`, `graphics_card_producer`, `graphics_card_model`, `graphics_card_size`, `wi_fi`) VALUES
	(1, 'Системный блок Oldi Computers Home 306 (0629561)', 'https://static.eldorado.ru/photos/71/713/850/33/new_71385033_l_1540900723.jpeg/resize/200x200/', '21 990 р.', 'Иформация отсутствует', 'Windows 10 Домашняя', 'AMD', 'Иформация отсутствует', '3.5 ГГц', '3.8 ГГц', '2', '4 Гб', 'HDD', '500 Гб', 'DVD±RW', 'AMD', 'Radeon R5', 'Иформация отсутствует', 'Иформация отсутствует'),
	(2, 'Системный блок HP Pavilion 590-p0025ur (4JS57EA)', 'https://static.eldorado.ru/photos/71/713/782/67/new_71378267_l_1533637532.jpeg/resize/200x200/', '42 990 р.', 'Иформация отсутствует', 'Windows 10 Домашняя x64', 'Intel', 'Core i3-8100', '3.6 ГГц', '3.8 ГГц', '4', '8 Гб', 'HDD', '1 Тб', 'Нет', 'nVidia', 'Intel UHD Graphics 630 + NVIDIA GeForce GTX 1050', '2000 МБ', 'Есть'),
	(3, 'Системный блок Dell Vostro 3667-0765', 'https://static.eldorado.ru/photos/71/713/777/95/new_71377795_l_1533544426.jpeg/resize/200x200/', '27 990 р.', 'Иформация отсутствует', 'Windows 10 Домашняя x64', 'Intel', 'Core i3-6100', '3.7 ГГц', '3.8 ГГц', '2', '4 Гб', 'HDD', '1 Тб', 'Нет', 'Intel', 'Intel HD Graphics 530', '2000 МБ', 'Есть'),
	(4, 'Системный блок Lenovo IdeaCentre 310S-08ASR (90G9000TRS)', 'https://static.eldorado.ru/photos/71/713/700/61/new_71370061_l_1517584914.jpeg/resize/200x200/', '24 990 р.', 'Иформация отсутствует', 'Windows 10', 'AMD', 'A9-9430', '3.2 ГГц', '3.8 ГГц', '2', '8 Гб', 'HDD', '1 Тб', 'DVD±RW', 'AMD', 'Radeon R4', '2000 МБ', 'Есть'),
	(5, 'Системный блок HP Slimline 260-a104ur', 'https://static.eldorado.ru/photos/71/713/688/15/new_71368815_l_1513184526.jpeg/resize/200x200/', '15 990 р.', 'Иформация отсутствует', 'Windows 10', 'AMD', 'E2-7110', '1.8 ГГц', '3.8 ГГц', '4', '4 Гб', 'HDD', '500 Гб', 'DVD±RW', 'AMD', 'Radeon R2', '2000 МБ', 'Есть'),
	(6, 'Системный блок Oldi Computers Office 106 0520331', 'https://static.eldorado.ru/photos/71/713/672/83/new_71367283_l_1510653908.jpeg/resize/200x200/', '18 990 р.', 'Иформация отсутствует', 'Windows 10 Домашняя', 'AMD', 'A4-6300', '3.7 ГГц', '3.9 ГГц', '2', '4 Гб', 'HDD', '512 Гб', 'DVD±RW', 'AMD', 'Radeon HD 8370D', '2000 МБ', 'Есть'),
	(7, 'Системный блок Oldi Computers Office 100 (0559935)', 'https://static.eldorado.ru/photos/71/713/751/90/new_71375190_l_1530124563.png/resize/200x200/', '14 490 р.', 'Иформация отсутствует', 'Windows 10 Домашняя x64', 'Intel', 'Celeron J3355', '2.5 ГГц', '3.9 ГГц', '2', '4 Гб', 'HDD', '500 Гб', 'DVD±RW', 'Intel', 'HD Graphics 500', '2000 МБ', 'Есть'),
	(8, 'Системный блок HP Pavilion 590-p0029ur (4JS51EA)', 'https://static.eldorado.ru/photos/71/713/784/40/new_71378440_l_1533670932.jpeg/resize/200x200/', '35 990 р.', 'Иформация отсутствует', 'Windows 10 Домашняя x64', 'AMD', 'A10-9700', '3.5 ГГц', '3.8 ГГц', '4', '8 Гб', 'HDD', '1 Тб', 'Нет', 'AMD', 'RX 550', '2000 МБ', 'Есть'),
	(9, 'Системный блок HP 590-a0011ur (4KF66EA)', 'https://static.eldorado.ru/photos/71/713/787/52/new_71378752_l_1534769593.jpeg/resize/200x200/', '21 990 р.', 'Иформация отсутствует', 'Windows 10 Домашняя x64', 'AMD', 'A6-9225', '2.6 ГГц', '3 ГГц', '2', '4 Гб', 'HDD', '500 Гб', 'DVD±RW', 'AMD', 'Radeon R4', '2000 МБ', 'Есть'),
	(10, 'Системный блок HP Pavilion 590-p0031ur (4JY20EA)', 'https://static.eldorado.ru/photos/71/713/784/39/new_71378439_l_1533670789.jpeg/resize/200x200/', '35 990 р.', 'Иформация отсутствует', 'Windows 10 Домашняя x64', 'AMD', 'A10-9700', '3.5 ГГц', '3.8 ГГц', '4', '8 Гб', 'HDD', '1 Тб', 'Нет', 'AMD', 'Radeon 520', '2000 МБ', 'Есть'),
	(11, 'Игровой компьютер Oldi Computers Game 740 (0527387)', 'https://static.eldorado.ru/photos/71/713/736/82/new_71373682_l_1524740280.jpeg/resize/200x200/', '130 990 р.', 'Есть', 'Windows 10 Домашняя x64', 'Intel', 'Core i3-8100', '3.6 ГГц', '3.8 ГГц', '4', '16 Гб', 'HDD+SSD', '2.250 Тб', 'Нет', 'nVidia', 'GeForce GTX 1070 Ti', '8192 МБ', 'Есть'),
	(12, 'Игровой компьютер Oldi Computers Game 750 (0527398)', 'https://static.eldorado.ru/photos/71/713/736/80/new_71373680_l_1524689898.jpeg/resize/200x200/', '205 990 р.', 'Есть', 'Windows 10 Домашняя x64', 'Intel', 'Core i7-8700K', '3.7 ГГц', '4.7 ГГц', '6', '32 Гб', 'HDD+SSD', '2.250 Тб', 'Нет', 'nVidia', 'GeForce GTX 1080', '8192 МБ', 'Есть'),
	(13, 'Игровой компьютер Oldi Computers Game 750 (0527391)', 'https://static.eldorado.ru/photos/71/713/736/81/new_71373681_l_1524740374.jpeg/resize/200x200/', '165 990 р.', 'Есть', 'Нет', 'Intel', 'Core i7-8700K', '3.7 ГГц', '4.7 ГГц', '6', '32 Гб', 'HDD+SSD', '2.250 Тб', 'Нет', 'nVidia', 'GeForce GTX 1080', '8192 МБ', 'Есть'),
	(14, 'Игровой компьютер Oldi Computers Game 740 (0527358)', 'https://static.eldorado.ru/photos/71/713/736/83/new_71373683_l_1524740107.jpeg/resize/200x200/', '125 990 р.', 'Есть', 'Нет', 'Intel', 'Core i3-8100', '3.6 ГГц', '4.7 ГГц', '4', '16 Гб', 'HDD+SSD', '2.250 Тб', 'Нет', 'nVidia', 'GeForce GTX 1070 Ti', '8192 МБ', 'Есть'),
	(15, 'Игровой компьютер HP Omen 880-111ur (3EQ89EA)', 'https://static.eldorado.ru/photos/71/713/787/56/new_71378756_l_1533997715.jpeg/resize/200x200/', '70 490 р.', 'Есть', 'Windows 10 Домашняя x64', 'Intel', 'Core i5-8400', '2.8 ГГц', '4 ГГц', '6', '8 Гб', 'HDD+Intel Optane', '1 Тб', 'DVD±RW', 'nVidia', 'Intel UHD Graphics 630 + NVIDIA GeForce GTX 1050', '2000 МБ', 'Есть'),
	(16, 'Системный блок HP Omen 880-180ur (4NF79EA)', 'https://static.eldorado.ru/photos/71/713/856/23/new_71385623_l_1542292725.jpeg/resize/200x200/', '117 990 р.', 'Есть', 'Windows 10 Домашняя x64', 'Intel', 'Core i7-8700', '3.2 ГГц', '4.6 ГГц', '6', '16 Гб', 'HDD+SSD', '1128 Тб', 'DVD±RW', 'nVidia', 'Intel UHD Graphics 630/ GeForce GTX 1060', '6144 МБ', 'Есть'),
	(17, 'Системный блок HP Pavilion 590-a0025ur (5KP33EA)', 'https://static.eldorado.ru/photos/71/713/858/16/new_71385816_l_1542154044.jpeg/resize/200x200/', '24 990 р.', 'Есть', 'Windows 10 Домашняя x64', 'Intel', 'Core i7-8700', '1.5 ГГц', '2.8 ГГц', '4', '4 Гб', 'HDD', '500 Гб', 'DVD±RW', 'Intel', 'UHD Graphics 600', '6144 МБ', 'Есть'),
	(18, 'Системный блок HP 460-p230ur (5KT90EA)', 'https://static.eldorado.ru/photos/71/713/858/17/new_71385817_l_1542105692.jpeg/resize/200x200/', '48 990 р.', 'Есть', 'Windows 10 Домашняя x64', 'Intel', 'Core i7-8700', '2.4 ГГц', '3 ГГц', '4', '8 Гб', 'HDD', '1 Тб', 'DVD±RW', 'nVidia', 'GeForce GTX 1050', '2048 МБ', 'Есть'),
	(19, 'Системный блок HP 460-p229ur (5KU21EA)', 'https://static.eldorado.ru/photos/71/713/858/18/new_71385818_l_1542106647.jpeg/resize/200x200/', '29 990 р.', 'Есть', 'Windows 10 Домашняя x64', 'Intel', 'Core i7-8700', '3.4 ГГц', '3 ГГц', '2', '4 Гб', 'HDD', '1 Тб', 'DVD±RW', 'Intel', 'HD Graphics 630', '2048 МБ', 'Есть'),
	(20, 'Системный блок HP Omen 880-113ur (3EQ91EA)', 'https://static.eldorado.ru/photos/71/713/858/46/new_71385846_l_1542117222.jpeg/resize/200x200/', '85 990 р.', 'Есть', 'Windows 10 Домашняя x64', 'Intel', 'Core i5-8400', '2.8 ГГц', '4 ГГц', '6', '8 Гб', 'HDD+SSD', '1016 Тб', 'DVD±RW', 'nVidia', 'GeForce GTX 1060', '6144 МБ', 'Есть'),
	(21, 'Системный блок Acer Aspire XC-330 (DT.B9DER.003)', 'https://static.eldorado.ru/photos/71/713/860/13/new_71386013_l_1542488461.jpeg/resize/200x200/', '16 990 р.', 'Есть', 'Windows 10 Домашняя x64', 'AMD', 'A4-9120', '2.2 ГГц', '2.5 ГГц', '2', '4 Гб', 'HDD', '500 Гб', 'Нет', 'AMD', 'Radeon R3', '6144 МБ', 'Есть'),
	(22, 'Системный блок HP Pavilion 570-p081ur', 'https://static.eldorado.ru/photos/71/713/688/18/new_71368818_l_1513183040.jpeg/resize/200x200/', '29 990 р.', 'Есть', 'Windows 10', 'AMD', 'A8-9600', '3.1 ГГц', '3.4 ГГц', '4', '8 Гб', 'HDD', '1 Тб', 'DVD±RW', 'AMD', 'Radeon R5 435', '2000 МБ', 'Есть'),
	(23, 'Системный блок Acer Aspire TC-730 (DT.B6LER.003)', 'https://static.eldorado.ru/photos/71/713/697/63/new_71369763_l_1518384004.jpeg/resize/200x200/', '25 990 р.', 'Есть', 'Windows 10 Домашняя', 'Intel', 'Pentium J4205', '1.5 ГГц', '2.6 ГГц', '4', '8 Гб', 'HDD', '1024 Гб', 'DVD±RW', 'nVidia', 'GeForce GT 710', '1024 МБ', 'Есть'),
	(24, 'Системный блок Dell Vostro 3667 (3667-0789)', 'https://static.eldorado.ru/photos/71/713/672/76/new_71367276_l_1510652474.jpeg/resize/200x200/', '28 990 р.', 'Есть', 'Windows 10 Домашняя', 'Intel', 'Core i3-6100', '3.7 ГГц', '2.6 ГГц', '2', '4 Гб', 'HDD', '1 Тб', 'Нет', 'nVidia', 'GeForce GT710', '2048 МБ', 'Есть'),
	(25, 'Системный блок HP Slimline 260-a141ur', 'https://static.eldorado.ru/photos/71/713/688/16/new_71368816_l_1513184876.jpeg/resize/200x200/', '22 990 р.', 'Есть', 'Windows 10', 'AMD', 'A6-7310', '2 ГГц', '2.4 ГГц', '4', '8 Гб', 'HDD', '1 Тб', 'DVD±RW', 'AMD', 'Radeon R4', '2048 МБ', 'Есть'),
	(26, 'Системный блок Apple Mac Mini (MGEQ2RU/A)', 'https://static.eldorado.ru/photos/71/711/249/42/new_71124942_l_33.jpeg/resize/200x200/', '45 540 р.', 'Есть', 'MacOS X', 'Intel', 'Core i5-4308U', '2.8 ГГц', '3.3 ГГц', '2', '8 Гб', 'HDD', '1000 Гб', 'DVD±RW', 'Intel', 'Intel HD Graphics', '2048 МБ', 'Есть'),
	(27, 'Системный блок HP Pavilion 595-p0057ur (4DW50EA)', 'https://static.eldorado.ru/photos/71/713/839/00/new_71383900_l_1540451031.jpeg/resize/200x200/', '59 990 р.', 'Есть', 'Windows 10 Домашняя x64', 'Intel', 'Core i5-8400', '2.8 ГГц', '4 ГГц', '6', '8 Гб', 'HDD+SSD', '1024+128 Тб', 'DVD±RW', 'nVidia', 'GeForce GTX 1050 Ti', '4096 МБ', 'Есть'),
	(28, 'Системный блок Lenovo IdeaCentre 510-15ABR (90G7004GRS)', 'https://static.eldorado.ru/photos/71/713/682/97/new_71368297_l_1513788156.jpeg/resize/200x200/', '29 990 р.', 'Есть', 'Windows 10', 'AMD', 'A8-9600', '3.1 ГГц', '3.4 ГГц', '4', '8 Гб', 'HDD', '1024 Гб', 'Нет', 'AMD', 'Radeon RX 550', '2048 МБ', 'Есть'),
	(29, 'Системный блок Apple Mac Mini (MGEM2RU/A)', 'https://static.eldorado.ru/photos/71/711/249/41/new_71124941_l_646.jpeg/resize/200x200/', '27 910 р.', 'Есть', 'MacOS X', 'Intel', 'Core i5-4260U', '1.4 ГГц', '2.7 ГГц', '2', '4 Гб', 'HDD', '500 Гб', 'Нет', 'Intel', 'Intel HD Graphics 5000', '2048 МБ', 'Есть'),
	(30, 'Игровой компьютер Oldi Computers Game 760 (0632065)', 'https://static.eldorado.ru/photos/71/713/836/44/new_71383644_l_1539858097.jpeg/resize/200x200/', '27 910 р.', 'Есть', 'Windows 10 Домашняя', 'Intel', 'Core i7-8700K', '3.7 ГГц', '4.7 ГГц', '6', '16 Гб', 'SSD', '250 Гб', 'Нет', 'nVidia', 'GeForce RTX 2080', '8192 МБ', 'Есть'),
	(31, 'Игровой компьютер Oldi Computers Game 740 (0629952)', 'https://static.eldorado.ru/photos/71/713/836/45/new_71383645_l_1539859769.jpeg/resize/200x200/', '27 910 р.', 'Есть', 'Windows 10 Домашняя x64', 'Intel', 'Core i7-8700K', '3 ГГц', '4.1 ГГц', '6', '16 Гб', 'SSD', '120 Гб', 'Нет', 'nVidia', 'GeForce GTX 1070 Ti', '8192 МБ', 'Есть'),
	(32, 'Игровой компьютер Oldi Computers Game 730 (0632886)', 'https://static.eldorado.ru/photos/71/713/836/46/new_71383646_l_1539859024.jpeg/resize/200x200/', '27 910 р.', 'Есть', 'Windows 10 Домашняя', 'Intel', 'Core i7-8700K', '3 ГГц', '4.1 ГГц', '6', '16 Гб', 'SSD', '250 Гб', 'Нет', 'nVidia', 'GeForce GTX 1060', '6144 МБ', 'Есть'),
	(33, 'Игровой компьютер HP Omen 880-116ur (3EQ94EA)', 'https://static.eldorado.ru/photos/71/713/856/06/new_71385606_l_1541718316.jpeg/resize/200x200/', '27 910 р.', 'Есть', 'Windows 10 Домашняя x64', 'Intel', 'Core i7-8700K', '3.6 ГГц', '4.3 ГГц', '6', '16 Гб', 'HDD+SSD', '1.128 Тб', 'DVD±RW', 'nVidia', 'GeForce GTX 1070', '8192 МБ', 'Есть'),
	(34, 'Игровой компьютер HP 790-0000ur (4DV18EA)', 'https://static.eldorado.ru/photos/71/713/856/09/new_71385609_l_1541718505.jpeg/resize/200x200/', '27 910 р.', 'Есть', 'Windows 10 Домашняя x64', 'Intel', 'Core i5-8400', '2.8 ГГц', '4 ГГц', '6', '16 Гб', 'HDD+SSD', '1.128 Тб', 'DVD±RW', 'nVidia', 'GeForce GTX 1070', '8192 МБ', 'Есть'),
	(35, 'Игровой компьютер HP Omen Obelisk 875-0001ur (4UE30EA)', 'https://static.eldorado.ru/photos/71/713/856/10/new_71385610_l_1541718562.jpeg/resize/200x200/', '27 910 р.', 'Есть', 'FreeDOS', 'Intel', 'Core i3-8100', '3.6 ГГц', '4 ГГц', '4', '8 Гб', 'HDD', '1 Тб', 'Нет', 'nVidia', 'GeForce GTX 1050', '2048 МБ', 'Есть'),
	(36, 'Игровой компьютер HP Omen Obelisk 875-0002ur (4UB71EA)', 'https://static.eldorado.ru/photos/71/713/856/11/new_71385611_l_1541718621.jpeg/resize/200x200/', '27 910 р.', 'Есть', 'Windows 10 Домашняя x64', 'Intel', 'Core i3-8100', '3.6 ГГц', '4 ГГц', '4', '8 Гб', 'HDD', '1 Тб', 'Нет', 'nVidia', 'GeForce GTX 1050', '2048 МБ', 'Есть'),
	(37, 'Системный блок HP Omen Obelisk 875-0003ur (4UA33EA)', 'https://static.eldorado.ru/photos/71/713/856/12/new_71385612_l_1541675761.jpeg/resize/200x200/', '27 910 р.', 'Есть', 'FreeDOS', 'Intel', 'Core i3-8100', '3.6 ГГц', '4 ГГц', '4', '8 Гб', 'HDD+SSD', '1128 Тб', 'Нет', 'nVidia', 'GeForce GTX 1050 Ti', '4096 МБ', 'Есть'),
	(38, 'Системный блок HP Omen Obelisk 875-0006ur (4UE12EA)', 'https://static.eldorado.ru/photos/71/713/856/15/new_71385615_l_1541678046.jpeg/resize/200x200/', '27 910 р.', 'Есть', 'Windows 10 Домашняя x64', 'Intel', 'Core i5-8400', '2.8 ГГц', '4 ГГц', '6', '8 Гб', 'HDD', '1 Тб', 'Нет', 'nVidia', 'GeForce GTX 1050', '2048 МБ', 'Есть'),
	(39, 'Системный блок HP Omen Obelisk 875-0012ur (4UC94EA)', 'https://static.eldorado.ru/photos/71/713/856/21/new_71385621_l_1541691110.jpeg/resize/200x200/', '27 910 р.', 'Есть', 'Windows 10 Домашняя x64', 'Intel', 'Core i5-8400', '2.8 ГГц', '4 ГГц', '6', '16 Гб', 'HDD+SSD', '2304 Гб', 'Нет', 'nVidia', 'Intel UHD Graphics 630 + NVIDIA GeForce GTX 1060', '6000 МБ', 'Есть'),
	(40, 'Системный блок HP Pavilion Gaming 790-0001ur (4DV19EA)', 'https://static.eldorado.ru/photos/71/713/856/22/new_71385622_l_1541980966.jpeg/resize/200x200/', '27 910 р.', 'Есть', 'Windows 10 Домашняя x64', 'Intel', 'Core i5-8400', '2.8 ГГц', '4 ГГц', '6', '16 Гб', 'HDD+SSD', '1.128 Тб', 'DVD±RW', 'nVidia', 'GeForce GTX 1080', '8192 МБ', 'Есть'),
	(41, 'Системный блок HP Envy 795-0000ur (4KC35EA)', 'https://static.eldorado.ru/photos/71/713/856/27/new_71385627_l_1542667310.jpeg/resize/200x200/', '27 910 р.', 'Есть', 'Windows 10 Домашняя x64', 'Intel', 'Core i5-8400', '2.8 ГГц', '4 ГГц', '6', '16 Гб', 'HDD+SSD', '1.128 Тб', 'DVD±RW', 'nVidia', 'GeForce GTX 1060', '6144 МБ', 'Есть'),
	(42, 'Системный блок HP Envy 795-0001ur (4JZ31EA)', 'https://static.eldorado.ru/photos/71/713/856/28/new_71385628_l_1542667327.jpeg/resize/200x200/', '27 910 р.', 'Есть', 'Windows 10 Домашняя x64', 'Intel', 'Core i5-8400', '2.8 ГГц', '4 ГГц', '6', '16 Гб', 'HDD+SSD', '1.128 Тб', 'DVD±RW', 'nVidia', 'GeForce GTX 1070', '8192 МБ', 'Есть'),
	(43, 'Системный блок HP Envy 795-0002ur (4JW62EA)', 'https://static.eldorado.ru/photos/71/713/856/29/new_71385629_l_1542667346.jpeg/resize/200x200/', '27 910 р.', 'Есть', 'Windows 10 Домашняя x64', 'Intel', 'Core i7-8700', '3.2 ГГц', '4.6 ГГц', '6', '16 Гб', 'HDD+SSD', '1.128 Тб', 'DVD±RW', 'nVidia', 'GeForce GTX 1070', '8192 МБ', 'Есть'),
	(44, 'Системный блок HP Envy 795-0003ur (4KG61EA)', 'https://static.eldorado.ru/photos/71/713/856/30/new_71385630_l_1542667392.jpeg/resize/200x200/', '27 910 р.', 'Есть', 'Windows 10 Домашняя x64', 'Intel', 'Core i7-8700', '3.2 ГГц', '4.6 ГГц', '6', '32 Гб', 'HDD+SSD', '1.256 Тб', 'DVD±RW', 'nVidia', 'GeForce GTX 1080', '8192 МБ', 'Есть'),
	(45, 'Системный блок HP Omen Obelisk 875-0015ur (5CR21EA)', 'https://static.eldorado.ru/photos/71/713/858/20/new_71385820_l_1542110291.jpeg/resize/200x200/', '27 910 р.', 'Есть', 'Windows 10 Домашняя x64', 'AMD', 'Core i7-8700', '3.4 ГГц', '3.8 ГГц', '6', '8 Гб', 'HDD+SSD', '1128 Тб', 'DVD±RW', 'nVidia', 'GeForce GTX 1060', '3072 МБ', 'Есть'),
	(46, 'Системный блок HP Omen Obelisk 875-0014ur (5CR23EA)', 'https://static.eldorado.ru/photos/71/713/858/41/new_71385841_l_1542111360.jpeg/resize/200x200/', '27 910 р.', 'Есть', 'Windows 10 Домашняя x64', 'AMD', 'Core i7-8700', '3.6 ГГц', '3.9 ГГц', '4', '8 Гб', 'HDD', '1 Тб', 'DVD±RW', 'nVidia', 'GeForce GTX 1050 Ti', '4096 МБ', 'Есть'),
	(47, 'Системный блок HP Omen Obelisk 875-0013ur (4XC52EA)', 'https://static.eldorado.ru/photos/71/713/858/42/new_71385842_l_1542112109.jpeg/resize/200x200/', '27 910 р.', 'Есть', 'Windows 10 Домашняя x64', 'Intel', 'Core i5-8400', '2.8 ГГц', '4 ГГц', '6', '16 Гб', 'HDD+SSD', '1128 Тб', 'DVD±RW', 'nVidia', 'GeForce GTX 1060', '3072 МБ', 'Есть'),
	(48, 'Системный блок HP Pavilion Gaming 790-0003ur (4DV21EA)', 'https://static.eldorado.ru/photos/71/713/858/44/new_71385844_l_1542114698.jpeg/resize/200x200/', '27 910 р.', 'Есть', 'Windows 10 Домашняя x64', 'Intel', 'Core i7-8700', '3.2 ГГц', '4.6 ГГц', '6', '16 Гб', 'HDD+SSD', '1128 Тб', 'DVD±RW', 'nVidia', 'GeForce GTX 1080', '8192 МБ', 'Есть');
/*!40000 ALTER TABLE `desctoppc` ENABLE KEYS */;

-- Дамп структуры для таблица e_shopper.mobile
CREATE TABLE IF NOT EXISTS `mobile` (
  `pid` int(11) NOT NULL AUTO_INCREMENT,
  `mobile_name` varchar(70) NOT NULL,
  `mobile_img` varchar(100) NOT NULL DEFAULT 'Информация отсутствует',
  `price` varchar(30) NOT NULL DEFAULT 'Информация отсутствует',
  `body_protection` varchar(30) NOT NULL DEFAULT 'Информация отсутствует',
  `os` varchar(30) NOT NULL DEFAULT 'Информация отсутствует',
  `support_2sim` varchar(30) NOT NULL DEFAULT 'Информация отсутствует',
  `core_num` varchar(30) NOT NULL DEFAULT 'Информация отсутствует',
  `clock_frequency` varchar(50) NOT NULL DEFAULT 'Информация отсутствует',
  `ram` varchar(30) NOT NULL DEFAULT 'Информация отсутствует',
  `internal_storage` varchar(30) NOT NULL DEFAULT 'Информация отсутствует',
  `screen_diag` varchar(30) NOT NULL DEFAULT 'Информация отсутствует',
  `screen_res` varchar(30) NOT NULL DEFAULT 'Информация отсутствует',
  `support_4g` varchar(30) NOT NULL DEFAULT 'Информация отсутствует',
  `camera` varchar(30) NOT NULL DEFAULT 'Информация отсутствует',
  `battery` varchar(30) NOT NULL DEFAULT 'Информация отсутствует',
  PRIMARY KEY (`pid`)
) ENGINE=InnoDB AUTO_INCREMENT=100 DEFAULT CHARSET=utf8;

-- Дамп данных таблицы e_shopper.mobile: ~99 rows (приблизительно)
/*!40000 ALTER TABLE `mobile` DISABLE KEYS */;
INSERT INTO `mobile` (`pid`, `mobile_name`, `mobile_img`, `price`, `body_protection`, `os`, `support_2sim`, `core_num`, `clock_frequency`, `ram`, `internal_storage`, `screen_diag`, `screen_res`, `support_4g`, `camera`, `battery`) VALUES
	(1, 'Смартфон Samsung Galaxy A8 2018 Black (SM-A530FZKDSER)', 'https://static.eldorado.ru/photos/71/713/680/09/new_71368009_l_1516145570.jpeg/resize/200x200/', '22 990 р.', 'От влаги, От пыли', 'Android', 'Есть', '8', '2.2 GHz + 1.6 GHz ГГц', '4 ГБ', '32 ГБ', '5.6"', '2220x1080 Пикс', 'Есть', '16 Мпикс', '3000 мА*ч'),
	(2, 'Смартфон Samsung Galaxy A7 (2018) 64GB Black (SM-A750FN/DS)', 'https://static.eldorado.ru/photos/71/713/829/05/new_71382905_l_1539074836.jpeg/resize/200x200/', '26 990 р.', 'От влаги, От пыли', 'Android', 'Есть', '8', '6х1.6 + 2х2.2 ГГц', '4 ГБ', '64 ГБ', '6"', '2220x1080 Пикс', 'Есть', '24+8+5 Мпикс', '3300 мА*ч'),
	(3, 'Смартфон Samsung Galaxy A7 (2018) 64GB Blue (SM-A750FN/DS)', 'https://static.eldorado.ru/photos/71/713/829/04/new_71382904_l_1539074408.jpeg/resize/200x200/', '26 990 р.', 'От влаги, От пыли', 'Android', 'Есть', '8', '6х1.6 + 2х2.2 ГГц', '4 ГБ', '64 ГБ', '6"', '2220x1080 Пикс', 'Есть', '24+8+5 Мпикс', '3300 мА*ч'),
	(4, 'Смартфон Samsung Galaxy A8 2018 Black (SM-A530FZKDSER)', 'https://static.eldorado.ru/photos/71/713/680/09/new_71368009_l_1516145570.jpeg/resize/200x200/', '22 990 р.', 'От влаги, От пыли', 'Android', 'Есть', '8', '2.2 GHz + 1.6 GHz ГГц', '4 ГБ', '32 ГБ', '5.6"', '2220x1080 Пикс', 'Есть', '16 Мпикс', '3000 мА*ч'),
	(5, 'Смартфон Samsung Galaxy A7 (2018) 64GB Black (SM-A750FN/DS)', 'https://static.eldorado.ru/photos/71/713/829/05/new_71382905_l_1539074836.jpeg/resize/200x200/', '26 990 р.', 'От влаги, От пыли', 'Android', 'Есть', '8', '6х1.6 + 2х2.2 ГГц', '4 ГБ', '64 ГБ', '6"', '2220x1080 Пикс', 'Есть', '24+8+5 Мпикс', '3300 мА*ч'),
	(6, 'Смартфон Samsung Galaxy A7 (2018) 64GB Blue (SM-A750FN/DS)', 'https://static.eldorado.ru/photos/71/713/829/04/new_71382904_l_1539074408.jpeg/resize/200x200/', '26 990 р.', 'От влаги, От пыли', 'Android', 'Есть', '8', '6х1.6 + 2х2.2 ГГц', '4 ГБ', '64 ГБ', '6"', '2220x1080 Пикс', 'Есть', '24+8+5 Мпикс', '3300 мА*ч'),
	(7, 'Смартфон Honor 9 64Gb Black', 'https://static.eldorado.ru/photos/71/713/626/30/new_71362630_l_1540981193.jpeg/resize/200x200/', '16 990 р.', 'От влаги, От пыли', 'Android', 'Есть', '8', '4 × Cortex A73 2.4 ГГц + 4 × Cortex A53 1.8 ГГц', '4 ГБ', '64 ГБ', '5.15"', '1920x1080 Пикс', 'Есть', '12+20 Мпикс', '3200 мА*ч'),
	(8, 'Смартфон Honor 9 64GB Grey', 'https://static.eldorado.ru/photos/71/713/458/78/new_71345878_l_1540981071.jpeg/resize/200x200/', '16 990 р.', 'От влаги, От пыли', 'Android', 'Есть', '8', '2.4 МГц', '4 ГБ', '64 ГБ', '5.15"', '1920x1080 Пикс', 'Есть', '12+20 Мпикс', '3200 мА*ч'),
	(9, 'Смартфон Honor 9 64GB Blue', 'https://static.eldorado.ru/photos/71/713/458/79/new_71345879_l_1540981117.jpeg/resize/200x200/', '16 990 р.', 'От влаги, От пыли', 'Android', 'Есть', '8', '2.4 МГц', '4 ГБ', '64 ГБ', '5.15"', '1920x1080 Пикс', 'Есть', '12+20 Мпикс', '3200 мА*ч'),
	(10, 'Смартфон Samsung Galaxy A7 (2018) 64GB Pink (SM-A750FN/DS)', 'https://static.eldorado.ru/photos/71/713/829/03/new_71382903_l_1539073641.jpeg/resize/200x200/', '26 990 р.', 'От влаги, От пыли', 'Android', 'Есть', '8', '6х1.6 + 2х2.2 ГГц', '4 ГБ', '64 ГБ', '6"', '2220x1080 Пикс', 'Есть', '24+8+5 Мпикс', '3300 мА*ч'),
	(11, 'Смартфон Xiaomi Redmi Note 5 32GB Gold', 'https://static.eldorado.ru/photos/71/713/747/65/new_71374765_l_1528961104.jpeg/resize/200x200/', '11 990 р.', 'От влаги, От пыли', 'Android', 'Есть', '8', '1.8 ГГц', '3 ГБ', '32 ГБ', '5.99"', '2160x1080 Пикс', 'Есть', '12+5 Мпикс', '4000 мА*ч'),
	(12, 'Смартфон Samsung Galaxy A8 2018 Gold (SM-A530FZDDSER)', 'https://static.eldorado.ru/photos/71/713/680/07/new_71368007_l_1516145466.jpeg/resize/200x200/', '22 990 р.', 'От влаги, От пыли', 'Android', 'Есть', '8', '2.2 GHz + 1.6 GHz ГГц', '4 ГБ', '32 ГБ', '5.6"', '2220x1080 Пикс', 'Есть', '16 Мпикс', '3000 мА*ч'),
	(13, 'Смартфон Samsung Galaxy S8 Black', 'https://static.eldorado.ru/photos/71/712/480/65/new_71248065_l_1493101662.jpeg/resize/200x200/', '39 990 р.', 'Водонепроницаемость, От пыли', 'Android', 'Есть', '8', '2.3 ГГц', '4 ГБ', '64 ГБ', '5.8"', '2960x1440 Пикс', 'Есть', '12 Мпикс', '3000 мА*ч'),
	(14, 'Смартфон Honor View 10 128GB Black', 'https://static.eldorado.ru/photos/71/713/701/08/new_71370108_l_1540989351.jpeg/resize/200x200/', '27 990 р.', 'Водонепроницаемость, От пыли', 'Android', 'Есть', '8', '4 × Cortex A73 2,36 ГГц + 4 × Cortex A53 1,8 ГГц', '6 ГБ', '128 ГБ', '5.99"', '2160x1080 Пикс', 'Есть', '16+20 Мпикс', '3750 мА*ч'),
	(15, 'Смартфон Honor View 10 128GB Blue', 'https://static.eldorado.ru/photos/71/713/701/07/new_71370107_l_1540989103.jpeg/resize/200x200/', '27 990 р.', 'Водонепроницаемость, От пыли', 'Android', 'Есть', '8', '4 x Cortex A73 2,36 ГГц + 4 x Cortex A53 1,8 ГГц', '6 ГБ', '128 ГБ', '5.99"', '2160x1080 Пикс', 'Есть', '16+20 Мпикс', '3750 мА*ч'),
	(16, 'Смартфон Samsung Galaxy S9+ 64GB Black', 'https://static.eldorado.ru/photos/71/713/709/80/new_71370980_l_1519296357.jpeg/resize/200x200/', '59 990 р.', 'От влаги, От пыли', 'Android', 'Есть', '8', '4х2.7 + 4х1.7 ГГц', '6 ГБ', '64 ГБ', '6.2"', '2960x1440 Пикс', 'Есть', '12+12 Мпикс', '3500 мА*ч'),
	(17, 'Смартфон Samsung Galaxy S9 64GB Black', 'https://static.eldorado.ru/photos/71/713/710/03/new_71371003_l_1519296031.jpeg/resize/200x200/', '54 990 р.', 'От влаги, От пыли', 'Android', 'Есть', '8', '4x2.7 + 4x1.7 ГГц', '4 ГБ', '64 ГБ', '5.8"', '2960x1440 Пикс', 'Есть', '12 Мпикс', '3000 мА*ч'),
	(18, 'Смартфон Honor 7X Black', 'https://static.eldorado.ru/photos/71/713/681/41/new_71368141_l_1540988055.jpeg/resize/200x200/', '14 990 р.', 'От влаги, От пыли', 'Android', 'Есть', '8', '4х2.36 + 4х1.7 ГГц', '4 ГБ', '64 ГБ', '5.9"', '2160x1080 Пикс', 'Есть', '16+2 Мпикс', '3340 мА*ч'),
	(19, 'Смартфон Honor View 10 128GB Red', 'https://static.eldorado.ru/photos/71/713/701/06/new_71370106_l_1540988570.jpeg/resize/200x200/', '27 990 р.', 'От влаги, От пыли', 'Android', 'Есть', '8', '4 × Cortex A73 2.36 ГГц + 4 × Cortex A53 1.8 ГГц', '6 ГБ', '128 ГБ', '5.99"', '2160x1080 Пикс', 'Есть', '16+20 Мпикс', '3750 мА*ч'),
	(20, 'Смартфон Samsung Galaxy S8 Plus Black', 'https://static.eldorado.ru/photos/71/712/480/68/new_71248068_l_1493103349.jpeg/resize/200x200/', '43 990 р.', 'Водонепроницаемость, От пыли', 'Android', 'Есть', '8', '2.3 ГГц', '4 ГБ', '64 ГБ', '6.2"', '2960x1440 Пикс', 'Есть', '12 Мпикс', '3500 мА*ч'),
	(21, 'Смартфон Honor 7X Blue', 'https://static.eldorado.ru/photos/71/713/680/90/new_71368090_l_1540986450.jpeg/resize/200x200/', '14 990 р.', 'Водонепроницаемость, От пыли', 'Android', 'Есть', '8', '4х2.36 + 4х1.7 ГГц', '4 ГБ', '64 ГБ', '5.9"', '2160x1080 Пикс', 'Есть', '16+2 Мпикс', '3340 мА*ч'),
	(22, 'Смартфон Honor 7A Pro Black', 'https://static.eldorado.ru/photos/71/713/738/11/new_71373811_l_1540990156.jpeg/resize/200x200/', '8 490 р.', 'Водонепроницаемость, От пыли', 'Android', 'Есть', '8', '4 x 1.4 + 4 x 1.1 ГГц', '2 ГБ', '16 ГБ', '5.7"', '1440x720 Пикс', 'Есть', '13 Мпикс', '3000 мА*ч'),
	(23, 'Смартфон Samsung Galaxy A8 2018 Blue (SM-A530FZBDSER)', 'https://static.eldorado.ru/photos/71/713/680/08/new_71368008_l_1523872516.jpeg/resize/200x200/', '22 990 р.', 'От влаги, От пыли', 'Android', 'Есть', '8', '2х2.2 + 6х1.6 ГГц', '4 ГБ', '32 ГБ', '5.6"', '2220x1080 Пикс', 'Есть', '16 Мпикс', '3000 мА*ч'),
	(24, 'Смартфон Samsung Galaxy Note 9 128GB Black', 'https://static.eldorado.ru/photos/71/713/783/50/new_71378350_l_1535480056.jpeg/resize/200x200/', '69 990 р.', 'От влаги, От пыли', 'Android', 'Есть', '8', '2.7+1.7 ГГц', '6 ГБ', '128 ГБ', '6.4"', '2960x1440 Пикс', 'Есть', '12 Мпикс', '4000 мА*ч'),
	(25, 'Смартфон Honor 7A Pro Blue', 'https://static.eldorado.ru/photos/71/713/735/70/new_71373570_l_1540990095.jpeg/resize/200x200/', '8 490 р.', 'От влаги, От пыли', 'Android', 'Есть', '8', '4 x 1.4 + 4 x 1.1 ГГц', '2 ГБ', '16 ГБ', '5.7"', '1440x720 Пикс', 'Есть', '13 Мпикс', '3000 мА*ч'),
	(26, 'Смартфон Samsung Galaxy S9 64GB Ultraviolet', 'https://static.eldorado.ru/photos/71/713/710/02/new_71371002_l_1519296721.jpeg/resize/200x200/', '54 990 р.', 'От влаги, От пыли', 'Android', 'Есть', '8', '4x2.7 + 4x1.7 ГГц', '4 ГБ', '64 ГБ', '5.8"', '2960x1440 Пикс', 'Есть', '12 Мпикс', '3000 мА*ч'),
	(27, 'Смартфон Samsung Galaxy S8 Ultraviolet', 'https://static.eldorado.ru/photos/71/712/480/63/new_71248063_l_1493100775.jpeg/resize/200x200/', '39 990 р.', 'Водонепроницаемость, От пыли', 'Android', 'Есть', '8', '2.3 ГГц', '4 ГБ', '64 ГБ', '5.8"', '2960x1440 Пикс', 'Есть', '12 Мпикс', '3000 мА*ч'),
	(28, 'Смартфон Samsung Galaxy S9+ 64GB Ultraviolet', 'https://static.eldorado.ru/photos/71/713/709/79/new_71370979_l_1519296608.jpeg/resize/200x200/', '59 990 р.', 'От влаги, От пыли', 'Android', 'Есть', '8', '4х2.7 + 4х1.7 ГГц', '6 ГБ', '64 ГБ', '6.2"', '2960x1440 Пикс', 'Есть', '12+12 Мпикс', '3500 мА*ч'),
	(29, 'Смартфон Honor 9 Lite 64GB Blue (LLD-L31)', 'https://static.eldorado.ru/photos/71/713/759/85/new_71375985_l_1540992952.jpeg/resize/200x200/', '14 990 р.', 'От влаги, От пыли', 'Android', 'Есть', '8', '4×2.36 & 4×1.7 ГГц', '4 ГБ', '64 ГБ', '5.65"', '2160x1080 Пикс', 'Есть', '13+2 Мпикс', '3000 мА*ч'),
	(30, 'Смартфон Samsung Galaxy S9+ 64GB Titan', 'https://static.eldorado.ru/photos/71/713/710/01/new_71371001_l_1519296494.jpeg/resize/200x200/', '59 990 р.', 'От влаги, От пыли', 'Android', 'Есть', '8', '4х2.7 + 4х1.7 ГГц', '6 ГБ', '64 ГБ', '6.2"', '2960x1440 Пикс', 'Есть', '12+12 Мпикс', '3500 мА*ч'),
	(31, 'Смартфон Honor 9 Lite 64GB Midnight Black (LLD-L31)', 'https://static.eldorado.ru/photos/71/713/759/86/new_71375986_l_1540993564.jpeg/resize/200x200/', '14 990 р.', 'От влаги, От пыли', 'Android', 'Есть', '8', '4×2.36 & 4×1.7 ГГц', '4 ГБ', '64 ГБ', '5.65"', '2160x1080 Пикс', 'Есть', '13+2 Мпикс', '3000 мА*ч'),
	(32, 'Смартфон Samsung Galaxy S9 64GB Titan', 'https://static.eldorado.ru/photos/71/713/710/04/new_71371004_l_1519296184.jpeg/resize/200x200/', '54 990 р.', 'От влаги, От пыли', 'Android', 'Есть', '8', '4x2.7 + 4x1.7 ГГц', '4 ГБ', '64 ГБ', '5.8"', '2960x1440 Пикс', 'Есть', '12 Мпикс', '3000 мА*ч'),
	(33, 'Смартфон Samsung Galaxy S9+ 256GB Black', 'https://static.eldorado.ru/photos/71/713/709/80/new_71370980_l_1519296357.jpeg/resize/200x200/', '67 990 р.', 'От влаги, От пыли', 'Android', 'Есть', '8', '4x2.7 + 4x1.7 ГГц', '6 ГБ', '256 ГБ', '6.2"', '2960x1440 Пикс', 'Есть', '12+12 Мпикс', '3500 мА*ч'),
	(34, 'Смартфон Sony Xperia XA1 DS Black', 'https://static.eldorado.ru/photos/71/713/352/44/new_71335244_l_1495379241.png/resize/200x200/', '15 990 р.', 'От влаги, От пыли', 'Android', 'Есть', '8', '2.3 ГГц', '3 ГБ', '32 ГБ', '5"', '1280x720 Пикс', 'Есть', '23 Мпикс', '2300 мА*ч'),
	(35, 'Смартфон Sony Xperia XA1 Plus Dual Black (G3412)', 'https://static.eldorado.ru/photos/71/713/746/55/new_71374655_l_1527622458.jpeg/resize/200x200/', '16 990 р.', 'От влаги, От пыли', 'Android', 'Есть', '8', '4 x 2.3 + 4 x 1.6 ГГц', '4 ГБ', '32 ГБ', '5.5"', '1920x1080 Пикс', 'Есть', '23 Мпикс', '3430 мА*ч'),
	(36, 'Смартфон Honor 10 64GB Phantom Blue', 'https://static.eldorado.ru/photos/71/713/721/82/new_71372182_l_1540989529.jpeg/resize/200x200/', '25 990 р.', 'От влаги, От пыли', 'Android', 'Есть', '8', '4х1.8 + 4х2.36 ГГц', '4 ГБ', '64 ГБ', '5.84"', '2280x1080 Пикс', 'Есть', '24+16 Мпикс', '3400 мА*ч'),
	(37, 'Смартфон Sony Xperia XA2 Dual Black', 'https://static.eldorado.ru/photos/71/713/746/53/new_71374653_l_1527622164.jpeg/resize/200x200/', '22 990 р.', 'От влаги, От пыли', 'Android', 'Есть', '8', '2.2 ГГц', '3 ГБ', '32 ГБ', '5.2"', '1920x1080 Пикс', 'Есть', '23 Мпикс', '3300 мА*ч'),
	(38, 'Смартфон Honor 9 Lite 64GB Glacier Grey (LLD-L31)', 'https://static.eldorado.ru/photos/71/713/759/84/new_71375984_l_1540992833.jpeg/resize/200x200/', '14 990 р.', 'От влаги, От пыли', 'Android', 'Есть', '8', '4×2.36 & 4×1.7 ГГц', '4 ГБ', '64 ГБ', '5.65"', '2160x1080 Пикс', 'Есть', '13+2 Мпикс', '3000 мА*ч'),
	(39, 'Смартфон Samsung Galaxy Note 9 512GB Copper', 'https://static.eldorado.ru/photos/71/713/783/49/new_71378349_l_1535479153.jpeg/resize/200x200/', '89 990 р.', 'От влаги, От пыли', 'Android', 'Есть', '8', '2.7+1.7 ГГц', '8 ГБ', '512 ГБ', '6.4"', '2960x1440 Пикс', 'Есть', '12 Мпикс', '4000 мА*ч'),
	(40, 'Смартфон Honor 10 64GB Midnight Black', 'https://static.eldorado.ru/photos/71/713/721/83/new_71372183_l_1540989606.jpeg/resize/200x200/', '25 990 р.', 'От влаги, От пыли', 'Android', 'Есть', '8', '4х1.8 + 4х2.36 ГГц', '4 ГБ', '64 ГБ', '5.84"', '2280x1080 Пикс', 'Есть', '24+16 Мпикс', '3400 мА*ч'),
	(41, 'Смартфон Vivo V11 Starry Night (1804)', 'https://static.eldorado.ru/photos/71/713/816/53/new_71381653_l_1537274916.jpeg/resize/200x200/', '29 990 р.', 'От влаги, От пыли', 'Android', 'Есть', '8', '2.2 ГГц', '6 ГБ', '128 ГБ', '6.41"', '2340x1080 Пикс', 'Есть', '12+5 Мпикс', '3400 мА*ч'),
	(42, 'Смартфон Samsung Galaxy S9+ 256GB Purple (SM-G965F/DS)', 'https://static.eldorado.ru/photos/71/713/746/10/new_71374610_l_1527525548.jpeg/resize/200x200/', '67 990 р.', 'От влаги, От пыли', 'Android', 'Есть', '8', '4х2.7 + 4х1.7 ГГц', '6 ГБ', '256 ГБ', '6.2"', '2960x1440 Пикс', 'Есть', '12+12 Мпикс', '3500 мА*ч'),
	(43, 'Смартфон Sony Xperia XA1 Plus Dual Gold (G3412)', 'https://static.eldorado.ru/photos/71/713/746/54/new_71374654_l_1527622301.jpeg/resize/200x200/', '16 990 р.', 'От влаги, От пыли', 'Android', 'Есть', '8', '4 x 2.3 + 4 x 1.6 ГГц', '4 ГБ', '32 ГБ', '5.5"', '1920x1080 Пикс', 'Есть', '23 Мпикс', '3430 мА*ч'),
	(44, 'Смартфон Samsung Galaxy Note 9 128GB Indigo', 'https://static.eldorado.ru/photos/71/713/783/48/new_71378348_l_1535478621.jpeg/resize/200x200/', '69 990 р.', 'От влаги, От пыли', 'Android', 'Есть', '8', '2.7+1.7 ГГц', '6 ГБ', '128 ГБ', '6.4"', '2960x1440 Пикс', 'Есть', '12 Мпикс', '4000 мА*ч'),
	(45, 'Смартфон Sony Xperia XA2 Plus Black (H4413)', 'https://static.eldorado.ru/photos/71/713/802/52/new_71380252_l_1535697400.jpeg/resize/200x200/', '25 990 р.', 'От влаги, От пыли', 'Android', 'Есть', '8', '2.2 ГГц', '4 ГБ', '32 ГБ', '6"', '2160x1080 Пикс', 'Есть', '23 Мпикс', '3580 мА*ч'),
	(46, 'Смартфон Vertex Impress Lagune 4G 32GB Black', 'https://static.eldorado.ru/photos/71/713/749/93/new_71374993_l_1529056340.jpeg/resize/200x200/', '5 990 р.', 'От влаги, От пыли', 'Android', 'Есть', '4', '1.25 ГГц', '3 ГБ', '32 ГБ', '5"', '1280x720 Пикс', 'Есть', '13 Мпикс', '2200 мА*ч'),
	(47, 'Смартфон Honor 10 64Gb Phantom Green (COL-L29)', 'https://static.eldorado.ru/photos/71/713/780/16/new_71378016_l_1540993775.jpeg/resize/200x200/', '25 990 р.', 'От влаги, От пыли', 'Android', 'Есть', '8', '2.36 ГГц', '4 ГБ', '64 ГБ', '5.84"', '2280x1080 Пикс', 'Есть', '24+16 Мпикс', '3400 мА*ч'),
	(48, 'Смартфон Samsung Galaxy S9+ 64GB Red', 'https://static.eldorado.ru/photos/71/713/793/31/new_71379331_l_1535709620.jpeg/resize/200x200/', '59 990 р.', 'Водонепроницаемость, От пыли', 'Android', 'Есть', '8', '2. 7+ 1.7 ГГц', '6 ГБ', '64 ГБ', '6.2"', '2960x1440 Пикс', 'Есть', '12+12 Мпикс', '3500 мА*ч'),
	(49, 'Смартфон Xiaomi Redmi 6 32GB Black', 'https://static.eldorado.ru/photos/71/713/829/34/new_71382934_l_1539180669.jpeg/resize/200x200/', '11 990 р.', 'Водонепроницаемость, От пыли', 'Android', 'Есть', '8', '2 ГГц', '3 ГБ', '32 ГБ', '5.45"', '1440x720 Пикс', 'Есть', '12+5 Мпикс', '3000 мА*ч'),
	(50, 'Смартфон Xiaomi Redmi 6 32GB Gold', 'https://static.eldorado.ru/photos/71/713/829/33/new_71382933_l_1539180254.jpeg/resize/200x200/', '11 990 р.', 'Водонепроницаемость, От пыли', 'Android', 'Есть', '8', '2 ГГц', '3 ГБ', '32 ГБ', '5.45"', '1440x720 Пикс', 'Есть', '12+5 Мпикс', '3000 мА*ч'),
	(51, 'Смартфон Apple iPhone 6S 32Gb Space Grey (MN0W2RU/A)', 'https://static.eldorado.ru/photos/71/712/059/86/new_71205986_l_1473875357.jpeg/resize/200x200/', '25 990 р.', 'Водонепроницаемость, От пыли', 'iOS', 'Есть', '2', '1.8 ГГц', '2 ГБ', '32 ГБ', '4.7"', '1334x750 Пикс', 'Есть', '12 Мпикс', '3000 мА*ч'),
	(52, 'Смартфон Apple iPhone 6S 32Gb Space Grey (MN0W2RU/A)', 'https://static.eldorado.ru/photos/71/712/059/86/new_71205986_l_1473875357.jpeg/resize/200x200/', '25 990 р.', 'Иформация отсутствует', 'iOS', 'Иформация отсутствует', '2', '1.8 ГГц', '2 ГБ', '32 ГБ', '4.7"', 'Иформация отсутствует', 'Есть', 'Иформация отсутствует', 'Иформация отсутствует'),
	(53, 'Смартфон Apple iPhone 6S 32Gb Rose Gold (MN122RU/A)', 'https://static.eldorado.ru/photos/71/712/059/83/new_71205983_l_1473874409.jpeg/resize/200x200/', '25 990 р.', 'Иформация отсутствует', 'iOS', 'Иформация отсутствует', '2', '1.8 ГГц', '2 ГБ', '32 ГБ', '4.7"', 'Иформация отсутствует', 'Есть', 'Иформация отсутствует', 'Иформация отсутствует'),
	(54, 'Смартфон Apple iPhone 6S 32Gb Gold (MN112RU/A)', 'https://static.eldorado.ru/photos/71/712/059/84/new_71205984_l_1473874785.jpeg/resize/200x200/', '25 990 р.', 'Иформация отсутствует', 'iOS', 'Иформация отсутствует', '2', '1.8 ГГц', '2 ГБ', '32 ГБ', '4.7"', 'Иформация отсутствует', 'Есть', 'Иформация отсутствует', 'Иформация отсутствует'),
	(55, 'Смартфон Apple iPhone Xr 64GB Black (MRY42RU/A)', 'https://static.eldorado.ru/photos/71/713/806/60/new_71380660_l_1536792179.jpeg/resize/200x200/', '64 950 р.', 'От влаги, От пыли', 'iOS', 'Иформация отсутствует', '6', '1.8 ГГц', '2 ГБ', '64 ГБ', '6.1"', 'Иформация отсутствует', 'Есть', 'Иформация отсутствует', 'Иформация отсутствует'),
	(56, 'Смартфон Apple iPhone Xr 64GB White (MRY52RU/A)', 'https://static.eldorado.ru/photos/71/713/806/61/new_71380661_l_1536792370.jpeg/resize/200x200/', '64 950 р.', 'От влаги, От пыли', 'iOS', 'Иформация отсутствует', '6', '1.8 ГГц', '2 ГБ', '64 ГБ', '6.1"', 'Иформация отсутствует', 'Есть', 'Иформация отсутствует', 'Иформация отсутствует'),
	(57, 'Смартфон Apple iPhone Xr 64GB Red (MRY62RU/A)', 'https://static.eldorado.ru/photos/71/713/806/62/new_71380662_l_1536792397.jpeg/resize/200x200/', '64 950 р.', 'От влаги, От пыли', 'iOS', 'Иформация отсутствует', '6', '1.8 ГГц', '2 ГБ', '64 ГБ', '6.1"', 'Иформация отсутствует', 'Есть', 'Иформация отсутствует', 'Иформация отсутствует'),
	(58, 'Смартфон Apple iPhone 6S Plus 32GB как новый Rose Gold (FN2Y2RU/A)', 'https://static.eldorado.ru/photos/71/713/811/31/new_71381131_l_1536317167.jpeg/resize/200x200/', '26 990 р.', 'От влаги, От пыли', 'iOS', 'Иформация отсутствует', '2', '1.8 ГГц', '2 ГБ', '32 ГБ', '5.5"', 'Иформация отсутствует', 'Есть', 'Иформация отсутствует', 'Иформация отсутствует'),
	(59, 'Смартфон Apple iPhone Xr 128GB Red (MRYE2RU/A)', 'https://static.eldorado.ru/photos/71/713/806/68/new_71380668_l_1536792580.jpeg/resize/200x200/', '68 950 р.', 'От влаги, От пыли', 'iOS', 'Иформация отсутствует', '6', '1.8 ГГц', '2 ГБ', '128 ГБ', '6.1"', 'Иформация отсутствует', 'Есть', 'Иформация отсутствует', 'Иформация отсутствует'),
	(60, 'Смартфон Apple iPhone X 64Gb Space Grey (MQAC2RU/A)', 'https://static.eldorado.ru/photos/71/713/640/78/new_71364078_l_1505392907.jpeg/resize/200x200/', '64 990 р.', 'От влаги, От пыли', 'iOS', 'Иформация отсутствует', '6', '1.8 ГГц', '2 ГБ', '64 ГБ', '5.8"', 'Иформация отсутствует', 'Есть', 'Иформация отсутствует', 'Иформация отсутствует'),
	(61, 'Смартфон Apple iPhone 8 64Gb Space Grey (MQ6G2RU/A)', 'https://static.eldorado.ru/photos/71/713/641/00/new_71364100_l_1505383712.jpeg/resize/200x200/', '46 990 р.', 'От влаги, От пыли', 'iOS', 'Иформация отсутствует', '6', '1.8 ГГц', '2 ГБ', '64 ГБ', '4.7"', 'Иформация отсутствует', 'Есть', 'Иформация отсутствует', 'Иформация отсутствует'),
	(62, 'Смартфон Apple iPhone 8 Plus 64Gb Gold (MQ8N2RU/A)', 'https://static.eldorado.ru/photos/71/713/640/92/new_71364092_l_1505391994.jpeg/resize/200x200/', '55 490 р.', 'От влаги, От пыли', 'iOS', 'Иформация отсутствует', '6', '1.8 ГГц', '2 ГБ', '64 ГБ', '5.5"', 'Иформация отсутствует', 'Есть', 'Иформация отсутствует', 'Иформация отсутствует'),
	(63, 'Смартфон Apple iPhone X 256Gb Space Grey (MQAF2RU/A)', 'https://static.eldorado.ru/photos/71/713/640/76/new_71364076_l_1505395215.jpeg/resize/200x200/', '74 990 р.', 'От влаги, От пыли', 'iOS', 'Иформация отсутствует', '6', '1.8 ГГц', '2 ГБ', '256 ГБ', '5.8"', 'Иформация отсутствует', 'Есть', 'Иформация отсутствует', 'Иформация отсутствует'),
	(64, 'Смартфон Apple iPhone X 64Gb Silver (MQAD2RU/A)', 'https://static.eldorado.ru/photos/71/713/640/77/new_71364077_l_1505394786.jpeg/resize/200x200/', '64 990 р.', 'От влаги, От пыли', 'iOS', 'Иформация отсутствует', '6', '1.8 ГГц', '2 ГБ', '64 ГБ', '5.8"', 'Иформация отсутствует', 'Есть', 'Иформация отсутствует', 'Иформация отсутствует'),
	(65, 'Смартфон Apple iPhone X 256Gb Silver (MQAG2RU/A)', 'https://static.eldorado.ru/photos/71/713/640/75/new_71364075_l_1505395484.jpeg/resize/200x200/', '74 990 р.', 'От влаги, От пыли', 'iOS', 'Иформация отсутствует', '6', '1.8 ГГц', '2 ГБ', '256 ГБ', '5.8"', 'Иформация отсутствует', 'Есть', 'Иформация отсутствует', 'Иформация отсутствует'),
	(66, 'Смартфон Apple iPhone 8 Plus 64Gb Space Grey (MQ8L2RU/A)', 'https://static.eldorado.ru/photos/71/713/640/94/new_71364094_l_1505388960.jpeg/resize/200x200/', '55 490 р.', 'От влаги, От пыли', 'iOS', 'Иформация отсутствует', '6', '1.8 ГГц', '2 ГБ', '64 ГБ', '5.5"', 'Иформация отсутствует', 'Есть', 'Иформация отсутствует', 'Иформация отсутствует'),
	(67, 'Смартфон Apple iPhone 6 32Gb Space Grey (MMQ3D2RU/A)', 'https://static.eldorado.ru/photos/71/713/315/75/new_71331575_l_1494490829.jpeg/resize/200x200/', '21 990 р.', 'От влаги, От пыли', 'iOS', 'Иформация отсутствует', '2', '1.4 ГГц', '1 ГБ', '32 ГБ', '4.7"', 'Иформация отсутствует', 'Есть', 'Иформация отсутствует', 'Иформация отсутствует'),
	(68, 'Смартфон Apple iPhone 8 64Gb Gold (MQ6J2RU/A)', 'https://static.eldorado.ru/photos/71/713/640/98/new_71364098_l_1505387887.jpeg/resize/200x200/', '46 990 р.', 'От влаги, От пыли', 'iOS', 'Иформация отсутствует', '6', '1.4 ГГц', '1 ГБ', '64 ГБ', '4.7"', 'Иформация отсутствует', 'Есть', 'Иформация отсутствует', 'Иформация отсутствует'),
	(69, 'Смартфон Apple iPhone 8 Plus 64Gb Silver (MQ8M2RU/A)', 'https://static.eldorado.ru/photos/71/713/640/93/new_71364093_l_1505390680.jpeg/resize/200x200/', '55 490 р.', 'От влаги, От пыли', 'iOS', 'Иформация отсутствует', '6', '1.4 ГГц', '1 ГБ', '64 ГБ', '5.5"', 'Иформация отсутствует', 'Есть', 'Иформация отсутствует', 'Иформация отсутствует'),
	(70, 'Смартфон Apple iPhone 8 64Gb Silver (MQ6H2RU/A)', 'https://static.eldorado.ru/photos/71/713/640/99/new_71364099_l_1505387358.jpeg/resize/200x200/', '46 990 р.', 'От влаги, От пыли', 'iOS', 'Иформация отсутствует', '6', '1.4 ГГц', '1 ГБ', '64 ГБ', '4.7"', 'Иформация отсутствует', 'Есть', 'Иформация отсутствует', 'Иформация отсутствует'),
	(71, 'Смартфон Apple iPhone SE 32Gb Gold (MP842RU/A)', 'https://static.eldorado.ru/photos/71/712/411/25/new_71241125_l_1490792139.jpeg/resize/200x200/', '18 990 р.', 'От влаги, От пыли', 'iOS', 'Иформация отсутствует', '2', '1.8 ГГц', '1 ГБ', '32 ГБ', '4"', 'Иформация отсутствует', 'Есть', 'Иформация отсутствует', 'Иформация отсутствует'),
	(72, 'Смартфон Apple iPhone 8 Plus 256Gb Space Grey (MQ8P2RU/A)', 'https://static.eldorado.ru/photos/71/713/640/91/new_71364091_l_1505389932.jpeg/resize/200x200/', '67 990 р.', 'От влаги, От пыли', 'iOS', 'Иформация отсутствует', '6', '1.8 ГГц', '1 ГБ', '256 ГБ', '5.5"', 'Иформация отсутствует', 'Есть', 'Иформация отсутствует', 'Иформация отсутствует'),
	(73, 'Смартфон Apple iPhone 8 256Gb Space Grey (MQ7C2RU/A)', 'https://static.eldorado.ru/photos/71/713/640/97/new_71364097_l_1505386779.jpeg/resize/200x200/', '55 990 р.', 'От влаги, От пыли', 'iOS', 'Иформация отсутствует', '6', '1.8 ГГц', '1 ГБ', '256 ГБ', '4.7"', 'Иформация отсутствует', 'Есть', 'Иформация отсутствует', 'Иформация отсутствует'),
	(74, 'Смартфон Apple iPhone 7 32Gb Jet Black (MQTX2RU/A)', 'https://static.eldorado.ru/photos/71/713/641/40/new_71364140_l_1506073022.jpeg/resize/200x200/', '37 990 р.', 'От влаги, От пыли', 'iOS', 'Иформация отсутствует', '4', '2.37 ГГц', '2 ГБ', '32 ГБ', '4.7"', 'Иформация отсутствует', 'Есть', 'Иформация отсутствует', 'Иформация отсутствует'),
	(75, 'Смартфон Apple iPhone 8 256Gb Silver (MQ7D2RU/A)', 'https://static.eldorado.ru/photos/71/713/640/96/new_71364096_l_1505387679.jpeg/resize/200x200/', '55 990 р.', 'От влаги, От пыли', 'iOS', 'Иформация отсутствует', '6', '2.37 ГГц', '2 ГБ', '256 ГБ', '4.7"', 'Иформация отсутствует', 'Есть', 'Иформация отсутствует', 'Иформация отсутствует'),
	(76, 'Смартфон Apple iPhone SE 32Gb Space Grey (MP822RU/A)', 'https://static.eldorado.ru/photos/71/712/411/24/new_71241124_l_1490604528.jpeg/resize/200x200/', '18 990 р.', 'От влаги, От пыли', 'iOS', 'Иформация отсутствует', '2', '1.8 ГГц', '2 ГБ', '32 ГБ', '4"', 'Иформация отсутствует', 'Есть', 'Иформация отсутствует', 'Иформация отсутствует'),
	(77, 'Смартфон Apple iPhone SE 32Gb Rose Gold (MP852RU/A)', 'https://static.eldorado.ru/photos/71/712/411/26/new_71241126_l_1490792794.jpeg/resize/200x200/', '18 990 р.', 'От влаги, От пыли', 'iOS', 'Иформация отсутствует', '2', '1.8 ГГц', '2 ГБ', '32 ГБ', '4"', 'Иформация отсутствует', 'Есть', 'Иформация отсутствует', 'Иформация отсутствует'),
	(78, 'Смартфон Apple iPhone 8 64GB (PRODUCT) Red (MRRM2RU/A)', 'https://static.eldorado.ru/photos/71/713/732/97/new_71373297_l_1524055267.jpeg/resize/200x200/', '46 990 р.', 'От влаги, От пыли', 'iOS', 'Иформация отсутствует', '6', '1.8 ГГц', '2 ГБ', '64 ГБ', '4.7"', 'Иформация отсутствует', 'Есть', 'Иформация отсутствует', 'Иформация отсутствует'),
	(79, 'Смартфон Apple iPhone 7 Plus 128Gb Rose Gold (MN4U2RU/A)', 'https://static.eldorado.ru/photos/71/712/058/25/new_71205825_l_1473865879.jpeg/resize/200x200/', '51 990 р.', 'От влаги, От пыли', 'iOS', 'Иформация отсутствует', '4', '2.37 ГГц', '3 ГБ', '128 ГБ', '5.5"', 'Иформация отсутствует', 'Есть', 'Иформация отсутствует', 'Иформация отсутствует'),
	(80, 'Смартфон Apple iPhone 7 Plus 32Gb Gold (MNQP2RU/A)', 'https://static.eldorado.ru/photos/71/712/058/33/new_71205833_l_1473864992.jpeg/resize/200x200/', '46 990 р.', 'От влаги, От пыли', 'iOS', 'Иформация отсутствует', '4', '2.37 ГГц', '3 ГБ', '32 ГБ', '5.5"', 'Иформация отсутствует', 'Есть', 'Иформация отсутствует', 'Иформация отсутствует'),
	(81, 'Смартфон Apple iPhone SE 32Gb Silver (MP832RU/A)', 'https://static.eldorado.ru/photos/71/712/411/27/new_71241127_l_1490793867.jpeg/resize/200x200/', '18 990 р.', 'От влаги, От пыли', 'iOS', 'Иформация отсутствует', '2', '1.8 ГГц', '3 ГБ', '32 ГБ', '4"', 'Иформация отсутствует', 'Есть', 'Иформация отсутствует', 'Иформация отсутствует'),
	(82, 'Смартфон Apple iPhone 7 32Gb Black (MN8X2RU/A)', 'https://static.eldorado.ru/photos/71/712/058/18/new_71205818_l_1473862762.jpeg/resize/200x200/', '37 990 р.', 'От влаги, От пыли', 'iOS', 'Иформация отсутствует', '4', '2.37 ГГц', '2 ГБ', '32 ГБ', '4.7"', 'Иформация отсутствует', 'Есть', 'Иформация отсутствует', 'Иформация отсутствует'),
	(83, 'Смартфон Apple iPhone 7 Plus 32Gb Black (MNQM2RU/A)', 'https://static.eldorado.ru/photos/71/712/058/32/new_71205832_l_1473864705.jpeg/resize/200x200/', '46 990 р.', 'От влаги, От пыли', 'iOS', 'Иформация отсутствует', '4', '2.37 ГГц', '3 ГБ', '32 ГБ', '5.5"', 'Иформация отсутствует', 'Есть', 'Иформация отсутствует', 'Иформация отсутствует'),
	(84, 'Смартфон Apple iPhone 7 32Gb Rose Gold (MN912RU/A)', 'https://static.eldorado.ru/photos/71/712/058/20/new_71205820_l_1473863818.jpeg/resize/200x200/', '37 990 р.', 'От влаги, От пыли', 'iOS', 'Иформация отсутствует', '4', '2.37 ГГц', '2 ГБ', '32 ГБ', '4.7"', 'Иформация отсутствует', 'Есть', 'Иформация отсутствует', 'Иформация отсутствует'),
	(85, 'Смартфон Apple iPhone 7 32Gb Silver (MN8Y2RU/A)', 'https://static.eldorado.ru/photos/71/712/058/21/new_71205821_l_1473864204.jpeg/resize/200x200/', '37 990 р.', 'От влаги, От пыли', 'iOS', 'Иформация отсутствует', '4', '2.37 ГГц', '2 ГБ', '32 ГБ', '4.7"', 'Иформация отсутствует', 'Есть', 'Иформация отсутствует', 'Иформация отсутствует'),
	(86, 'Смартфон Apple iPhone 7 128Gb Gold (MN942RU/A)', 'https://static.eldorado.ru/photos/71/712/057/99/new_71205799_l_1473862924.jpeg/resize/200x200/', '43 990 р.', 'От влаги, От пыли', 'iOS', 'Иформация отсутствует', '4', '2.37 ГГц', '2 ГБ', '128 ГБ', '4.7"', 'Иформация отсутствует', 'Есть', 'Иформация отсутствует', 'Иформация отсутствует'),
	(87, 'Смартфон Apple iPhone 7 128Gb Silver (MN932RU/A)', 'https://static.eldorado.ru/photos/71/712/058/12/new_71205812_l_1473864201.jpeg/resize/200x200/', '43 990 р.', 'От влаги, От пыли', 'iOS', 'Иформация отсутствует', '4', '2.37 ГГц', '2 ГБ', '128 ГБ', '4.7"', 'Иформация отсутствует', 'Есть', 'Иформация отсутствует', 'Иформация отсутствует'),
	(88, 'Смартфон Apple iPhone 7 128Gb Black (MN922RU/A)', 'https://static.eldorado.ru/photos/71/712/057/98/new_71205798_l_1473862608.jpeg/resize/200x200/', '43 990 р.', 'От влаги, От пыли', 'iOS', 'Иформация отсутствует', '4', '2.37 ГГц', '2 ГБ', '128 ГБ', '4.7"', 'Иформация отсутствует', 'Есть', 'Иформация отсутствует', 'Иформация отсутствует'),
	(89, 'Смартфон Apple iPhone 7 128Gb Rose Gold (MN952RU/A)', 'https://static.eldorado.ru/photos/71/712/058/11/new_71205811_l_1473863671.jpeg/resize/200x200/', '43 990 р.', 'От влаги, От пыли', 'iOS', 'Иформация отсутствует', '4', '2.37 ГГц', '2 ГБ', '128 ГБ', '4.7"', 'Иформация отсутствует', 'Есть', 'Иформация отсутствует', 'Иформация отсутствует'),
	(90, 'Смартфон Apple iPhone 7 32Gb Gold (MN902RU/A)', 'https://static.eldorado.ru/photos/71/712/058/19/new_71205819_l_1473863249.jpeg/resize/200x200/', '37 990 р.', 'От влаги, От пыли', 'iOS', 'Иформация отсутствует', '4', '2.37 ГГц', '2 ГБ', '32 ГБ', '4.7"', 'Иформация отсутствует', 'Есть', 'Иформация отсутствует', 'Иформация отсутствует'),
	(91, 'Смартфон Apple iPhone 8 Plus 64GB (PRODUCT) Red (MRT92RU/A)', 'https://static.eldorado.ru/photos/71/713/732/95/new_71373295_l_1524056133.jpeg/resize/200x200/', '55 490 р.', 'От влаги, От пыли', 'iOS', 'Иформация отсутствует', '6', '2.37 ГГц', '2 ГБ', '64 ГБ', '5.5"', 'Иформация отсутствует', 'Есть', 'Иформация отсутствует', 'Иформация отсутствует'),
	(92, 'Смартфон Apple iPhone 6 32GB Gold (MQ3E2RU/A)', 'https://static.eldorado.ru/photos/71/713/745/01/new_71374501_l_1527259474.jpeg/resize/200x200/', '21 990 р.', 'От влаги, От пыли', 'iOS', 'Иформация отсутствует', '2', '1.4 ГГц', '1 ГБ', '32 ГБ', '4.7"', 'Иформация отсутствует', 'Есть', 'Иформация отсутствует', '1810 мА*ч'),
	(93, 'Смартфон Apple iPhone Xs Max 256GB Gold (MT552RU/A)', 'https://static.eldorado.ru/photos/71/713/806/56/new_71380656_l_1536791820.jpeg/resize/200x200/', '109 890 р.', 'От влаги, От пыли', 'iOS', 'Иформация отсутствует', '6', '1.4 ГГц', '1 ГБ', '256 ГБ', '6.5"', 'Иформация отсутствует', 'Есть', 'Иформация отсутствует', '1810 мА*ч'),
	(94, 'Смартфон Apple iPhone Xs 64GB Gold (MT9G2RU/A)', 'https://static.eldorado.ru/photos/71/713/806/44/new_71380644_l_1536790645.jpeg/resize/200x200/', '87 890 р.', 'От влаги, От пыли', 'iOS', 'Иформация отсутствует', '6', '1.4 ГГц', '1 ГБ', '64 ГБ', '5.8"', 'Иформация отсутствует', 'Есть', 'Иформация отсутствует', '1810 мА*ч'),
	(95, 'Смартфон Apple iPhone Xs Max 256GB Space Grey (MT532RU/A)', 'https://static.eldorado.ru/photos/71/713/806/54/new_71380654_l_1536791714.jpeg/resize/200x200/', '109 890 р.', 'От влаги, От пыли', 'iOS', 'Иформация отсутствует', '6', '1.4 ГГц', '1 ГБ', '256 ГБ', '6.5"', 'Иформация отсутствует', 'Есть', 'Иформация отсутствует', '1810 мА*ч'),
	(96, 'Смартфон Apple iPhone Xs 64GB Space Grey (MT9E2RU/A)', 'https://static.eldorado.ru/photos/71/713/806/42/new_71380642_l_1536790557.jpeg/resize/200x200/', '87 890 р.', 'От влаги, От пыли', 'iOS', 'Иформация отсутствует', '6', '1.4 ГГц', '1 ГБ', '64 ГБ', '5.8"', 'Иформация отсутствует', 'Есть', 'Иформация отсутствует', '1810 мА*ч'),
	(97, 'Смартфон Apple iPhone Xs 256GB Gold (MT9K2RU/A)', 'https://static.eldorado.ru/photos/71/713/806/47/new_71380647_l_1536790831.jpeg/resize/200x200/', '98 990 р.', 'От влаги, От пыли', 'iOS', 'Иформация отсутствует', '6', '1.4 ГГц', '1 ГБ', '256 ГБ', '5.8"', 'Иформация отсутствует', 'Есть', 'Иформация отсутствует', '1810 мА*ч'),
	(98, 'Смартфон Apple iPhone Xr 128GB Black (MRY92RU/A)', 'https://static.eldorado.ru/photos/71/713/806/65/new_71380665_l_1536792530.jpeg/resize/200x200/', '68 950 р.', 'От влаги, От пыли', 'iOS', 'Иформация отсутствует', '6', '1.4 ГГц', '1 ГБ', '128 ГБ', '6.1"', 'Иформация отсутствует', 'Есть', 'Иформация отсутствует', '1810 мА*ч'),
	(99, 'Смартфон Apple iPhone Xs 256GB Space Grey (MT9H2RU/A)', 'https://static.eldorado.ru/photos/71/713/806/45/new_71380645_l_1536790686.jpeg/resize/200x200/', '98 990 р.', 'От влаги, От пыли', 'iOS', 'Иформация отсутствует', '6', '1.4 ГГц', '1 ГБ', '256 ГБ', '5.8"', 'Иформация отсутствует', 'Есть', 'Иформация отсутствует', '1810 мА*ч');
/*!40000 ALTER TABLE `mobile` ENABLE KEYS */;

-- Дамп структуры для таблица e_shopper.mobiles_colors
CREATE TABLE IF NOT EXISTS `mobiles_colors` (
  `pid` int(11) NOT NULL AUTO_INCREMENT,
  `fk_mobile` int(11) NOT NULL DEFAULT '0',
  `fk_color` int(11) NOT NULL DEFAULT '0',
  PRIMARY KEY (`pid`)
) ENGINE=InnoDB AUTO_INCREMENT=100 DEFAULT CHARSET=utf8;

-- Дамп данных таблицы e_shopper.mobiles_colors: ~99 rows (приблизительно)
/*!40000 ALTER TABLE `mobiles_colors` DISABLE KEYS */;
INSERT INTO `mobiles_colors` (`pid`, `fk_mobile`, `fk_color`) VALUES
	(1, 1, 1),
	(2, 2, 1),
	(3, 4, 1),
	(4, 5, 1),
	(5, 7, 1),
	(6, 13, 1),
	(7, 14, 1),
	(8, 16, 1),
	(9, 17, 1),
	(10, 18, 1),
	(11, 20, 1),
	(12, 22, 1),
	(13, 24, 1),
	(14, 31, 1),
	(15, 33, 1),
	(16, 34, 1),
	(17, 35, 1),
	(18, 37, 1),
	(19, 40, 1),
	(20, 45, 1),
	(21, 46, 1),
	(22, 49, 1),
	(23, 55, 1),
	(24, 74, 1),
	(25, 82, 1),
	(26, 83, 1),
	(27, 88, 1),
	(28, 98, 1),
	(29, 3, 2),
	(30, 6, 2),
	(31, 9, 2),
	(32, 15, 2),
	(33, 21, 2),
	(34, 23, 2),
	(35, 25, 2),
	(36, 29, 2),
	(37, 36, 2),
	(38, 8, 3),
	(39, 38, 3),
	(40, 10, 4),
	(41, 11, 5),
	(42, 12, 5),
	(43, 43, 5),
	(44, 50, 5),
	(45, 54, 5),
	(46, 62, 5),
	(47, 68, 5),
	(48, 71, 5),
	(49, 80, 5),
	(50, 86, 5),
	(51, 90, 5),
	(52, 92, 5),
	(53, 93, 5),
	(54, 94, 5),
	(55, 97, 5),
	(56, 19, 6),
	(57, 48, 6),
	(58, 57, 6),
	(59, 59, 6),
	(60, 78, 6),
	(61, 91, 6),
	(62, 26, 7),
	(63, 27, 7),
	(64, 28, 7),
	(65, 30, 8),
	(66, 32, 8),
	(67, 39, 9),
	(68, 42, 10),
	(69, 44, 11),
	(70, 47, 12),
	(71, 41, 13),
	(72, 56, 14),
	(73, 64, 15),
	(74, 65, 15),
	(75, 69, 15),
	(76, 70, 15),
	(77, 75, 15),
	(78, 81, 15),
	(79, 85, 15),
	(80, 87, 15),
	(81, 51, 16),
	(82, 52, 16),
	(83, 60, 16),
	(84, 61, 16),
	(85, 63, 16),
	(86, 66, 16),
	(87, 67, 16),
	(88, 72, 16),
	(89, 73, 16),
	(90, 76, 16),
	(91, 95, 16),
	(92, 96, 16),
	(93, 99, 16),
	(94, 53, 17),
	(95, 58, 17),
	(96, 77, 17),
	(97, 79, 17),
	(98, 84, 17),
	(99, 89, 17);
/*!40000 ALTER TABLE `mobiles_colors` ENABLE KEYS */;

-- Дамп структуры для таблица e_shopper.notebook
CREATE TABLE IF NOT EXISTS `notebook` (
  `pid` int(11) NOT NULL AUTO_INCREMENT,
  `notebook_name` varchar(100) NOT NULL,
  `short_description` varchar(150) NOT NULL DEFAULT 'Информация отсутствует',
  `notebook_image` varchar(100) NOT NULL DEFAULT 'Информация отсутствует',
  `is_gaming` varchar(30) NOT NULL DEFAULT 'Информация отсутствует',
  `os` varchar(30) NOT NULL DEFAULT 'Информация отсутствует',
  `screen_diag` varchar(30) NOT NULL DEFAULT 'Информация отсутствует',
  `screen_res` varchar(30) NOT NULL DEFAULT 'Информация отсутствует',
  `processor` varchar(30) NOT NULL DEFAULT 'Информация отсутствует',
  `processor_model` varchar(30) NOT NULL DEFAULT 'Информация отсутствует',
  `clock_frequency` varchar(30) NOT NULL DEFAULT 'Информация отсутствует',
  `ram` varchar(30) NOT NULL DEFAULT 'Информация отсутствует',
  `ram_type` varchar(30) NOT NULL DEFAULT 'Информация отсутствует',
  `drive_type` varchar(30) NOT NULL DEFAULT 'Информация отсутствует',
  `drive_size` varchar(30) NOT NULL DEFAULT 'Информация отсутствует',
  `graphics_card_producer` varchar(30) NOT NULL DEFAULT 'Информация отсутствует',
  `graphics_card_model` varchar(70) NOT NULL DEFAULT 'Информация отсутствует',
  `graphics_card_size` varchar(30) NOT NULL DEFAULT 'Информация отсутствует',
  `wi_fi` varchar(30) NOT NULL DEFAULT 'Информация отсутствует',
  `price` varchar(30) NOT NULL DEFAULT 'Информация отсутствует',
  PRIMARY KEY (`pid`)
) ENGINE=InnoDB AUTO_INCREMENT=73 DEFAULT CHARSET=utf8;

-- Дамп данных таблицы e_shopper.notebook: ~72 rows (приблизительно)
/*!40000 ALTER TABLE `notebook` DISABLE KEYS */;
INSERT INTO `notebook` (`pid`, `notebook_name`, `short_description`, `notebook_image`, `is_gaming`, `os`, `screen_diag`, `screen_res`, `processor`, `processor_model`, `clock_frequency`, `ram`, `ram_type`, `drive_type`, `drive_size`, `graphics_card_producer`, `graphics_card_model`, `graphics_card_size`, `wi_fi`, `price`) VALUES
	(1, 'Ноутбук HP 15-ra072ur (3YD53EA)', 'Intel Pentium N3710 1.6GHz/15.6"/1366x768/4GB/500GB/Intel HD Graphics 405/DVD нет/Wi-Fi/Bluetooth/Win 10 Homeх64/Черный', 'https://static.eldorado.ru/photos/71/713/773/07/new_71377307_l_1531489199.jpeg/resize/200x200/', 'Иформация отсутствует', 'Windows 10 Домашняя x64', '15.6"', '1366x768 Пикс', 'Intel', 'Pentium N3710', '1.6 ГГц', '4 ГБ', 'DDR3L', 'HDD', '500 Гб', 'Intel', 'Intel HD Graphics 405', 'Иформация отсутствует', 'Иформация отсутствует', '19 990 р.'),
	(2, 'Ноутбук Acer Aspire A114-31-C8JU (NX.SHXER.006)', 'Intel Celeron N3350 1.1GHz/14”/1366х768/2GB/32GB eMMC/Intel HD Graphics 500/DVD Нет/Wi-Fi/Bluetooth/Win 10 Home/Черный', 'https://static.eldorado.ru/photos/71/713/778/00/new_71377800_l_1532604883.jpeg/resize/200x200/', 'Иформация отсутствует', 'Windows 10 Домашняя', '14"', '1366x768 Пикс', 'Intel', 'Celeron N3350', '1.1 ГГц', '2 ГБ', 'DDR3L', 'eMMC', '32 Гб', 'Intel', 'HD Graphics 500', 'Иформация отсутствует', 'Иформация отсутствует', '13 990 р.'),
	(3, 'Ноутбук Irbis NB132', 'Intel Celeron N3350 1.1GHz/14.1"/1920x1080/3GB/32GB SSD/Intel HD Graphics/DVD нет/Wi-Fi/Bluetooth/Cam/Windows 10/Черный', 'https://static.eldorado.ru/photos/71/713/722/05/new_71372205_l_1523258871.jpeg/resize/200x200/', 'Иформация отсутствует', 'Windows 10 Домашняя', '14.1"', '1920x1080 Пикс', 'Intel', 'Celeron N3350', '1.1 ГГц', '3 ГБ', 'DDR3', 'SSD', '32 Гб', 'Intel', 'HD Graphics 500', 'Иформация отсутствует', 'Есть', '14 990 р.'),
	(4, 'Игровой ноутбук ASUS FX503VM-E4117T', 'Intel Core i7-7700HQ 2.8GHz /15.6”/1920х1080/8GB/1TB HDD + 128GB SSD/nVidia GeForce GTX 1060/DVD Нет/Wi-Fi/Bluetooth/Win10 Home x64/Черный', 'https://static.eldorado.ru/photos/71/713/794/25/new_71379425_l_1534999127.jpeg/resize/200x200/', 'Есть', 'Windows 10 Домашняя x64', '15.6"', '1920x1080 Пикс', 'Intel', 'Core i7-7700HQ', '2.8 ГГц', '8 ГБ', 'DDR4', 'HDD+SSD', '1.128 Гб', 'nVidia', 'Intel HD Graphics 630 + GeForce GTX 1060', '3 Гб', 'Есть', '74 990 р.'),
	(5, 'Ноутбук Prestigio SmartBook 133S + игра Minecraft (PSB133S01)', 'Intel Celeron N3350 1.1GHz/13.3"/1920x1080/3GB/32GB SSD/DVD нет/Intel HD Graphics 500/Wi-Fi/Bluetooth/Win 10 Pro/Коричневый', 'https://static.eldorado.ru/photos/71/713/730/74/new_71373074_l_1524227961.jpeg/resize/200x200/', 'Есть', 'Windows 10 Профессиональная', '13.3"', '1920x1080 Пикс', 'Intel', 'Celeron N3350', '1.1 ГГц', '3 ГБ', 'DDR3', 'SSD', '32 Гб', 'Intel', 'Intel HD Graphics 500', '3 Гб', 'Есть', '14 990 р.'),
	(6, 'Ноутбук Lenovo Yoga 520-14IKB (80X800KSRK)', 'Intel Pentium 4415U 2300Mhz/14"/1366x768/4GB/500GB/Intel HD Graphics 610/Wi-Fi/Bluetooth/Win 10 Home 64bit/Черный', 'https://static.eldorado.ru/photos/71/713/777/55/new_71377755_l_1532522611.jpeg/resize/200x200/', 'Есть', 'Windows 10 Домашняя x64', '14"', '1366x768 Пикс', 'Intel', 'Pentium 4415U', '2.3 ГГц', '4 ГБ', 'DDR4', 'HDD', '500 Гб', 'Intel', 'HD Graphics 610', '3 Гб', 'Есть', '31 990 р.'),
	(7, 'Игровой ноутбук HP 17-ab412ur (4JS50EA)', 'Intel Core i7-8750H 2.2GHz/17.3"/1920х1080/12GB/1TB+128GB SSD/NVIDIA GeForce GTX 1050 Ti/DVD-RW/Wi-Fi/Bluetooth/Win 10 Homeх64/Черный', 'https://static.eldorado.ru/photos/71/713/767/99/new_71376799_l_1531813677.jpeg/resize/200x200/', 'Есть', 'Windows 10 Домашняя x64', '17.3"', '1920x1080 Пикс', 'Intel', 'Core i7-8750H', '2.2 ГГц', '12 ГБ', 'DDR4', 'HDD+SSD', '1128 Гб', 'nVidia', 'Intel UHD Graphics 630 + NVIDIA GeForce GTX 1050 Ti', '4 Гб', 'Есть', '82 990 р.'),
	(8, 'Ноутбук Dell Inspiron 3180-7680', 'AMD A6-9220e 1600Mhz/11.6"/1366x768/4GB/32GB/AMD Radeon R4/Wi-Fi/Bluetooth/Win10/Серый', 'https://static.eldorado.ru/photos/71/713/777/51/new_71377751_l_1532442523.jpeg/resize/200x200/', 'Есть', 'Windows 10', '11.6"', '1366x768 Пикс', 'AMD', 'A6-9220e', '1.6 ГГц', '4 ГБ', 'DDR4', 'SSD', '32 Гб', 'AMD', 'Radeon R4', '64 Мб', 'Есть', '14 990 р.'),
	(9, 'Ноутбук HP 17-ca0114ur (4RK88EA)', 'AMD A9-9425 3.1Ghz/17.3"/1600x900/8GB/1TB/DVD±RW/AMD Radeon 530/Wi-Fi/Bluetooth/Windows 10 Home/Черный', 'https://static.eldorado.ru/photos/71/713/770/90/new_71377090_l_1531902331.jpeg/resize/200x200/', 'Есть', 'Windows 10 Домашняя x64', '17.3"', '1600x900 Пикс', 'AMD', 'A6-9220e', '3.1 ГГц', '8 ГБ', 'DDR4', 'HDD', '1 Тб', 'AMD', 'AMD Radeon 530', '2 Гб', 'Есть', '33 990 р.'),
	(10, 'Ноутбук Acer Aspire 5 A515-51G-537H (NX.GP5ER.010)', 'Intel Core i5-7200U 2.5GHz/15.6"/1366х768/6GB/500GB/NVIDIA GeForce 940MX/DVD нет/Wi-Fi/Bluetooth/Win 10 Home/Черный', 'https://static.eldorado.ru/photos/71/713/795/51/new_71379551_l_1534938839.jpeg/resize/200x200/', 'Есть', 'Windows 10 Домашняя', '15.6"', '1366x768 Пикс', 'Intel', 'Core i5-7200U', '2.5 ГГц', '6 ГБ', 'DDR4', 'HDD', '500 Гб', 'nVidia', 'Intel HD Graphics 620 + NVIDIA GeForce 940MX', '2 Гб', 'Есть', '39 990 р.'),
	(11, 'Игровой ноутбук ASUS FX570UD-DM148T', 'Intel Core i5-8250U 1600Mhz/15.6"/1920х1080/6GB/500GB HDD + 128GB SSD/DVD нет/NVIDIA GeForce GTX 1050/Wi-Fi/Bluetooth/Win 10 Home/Черный', 'https://static.eldorado.ru/photos/71/713/802/79/new_71380279_l_1535717053.jpeg/resize/200x200/', 'Есть', 'Windows 10', '15.6"', '1920x1080 Пикс', 'Intel', 'Core i5-8250U', '1.6 ГГц', '6 ГБ', 'DDR4', 'HDD+SSD', '628 Гб', 'nVidia', 'Intel UHD Graphics 620 + GeForce GTX 1050', '2 Гб', 'Есть', '54 990 р.'),
	(12, 'Ноутбук HP 15-bw065ur 2BT82EA', 'AMD A10-9620P 2.5Ghz/15.6"/1920х1080/6GB/1TB/AMD Radeon 530/DVD нет/Wi-Fi/Bluetooth/Win 10/Синий,Черный', 'https://static.eldorado.ru/photos/71/713/748/38/new_71374838_l_1528140369.jpeg/resize/200x200/', 'Есть', 'Windows 10 Домашняя x64', '15.6"', '1920x1080 Пикс', 'AMD', 'A10-9620P', '2.5 ГГц', '6 ГБ', 'DDR4', 'HDD', '1 Тб', 'AMD', 'AMD Radeon 530', '2 Гб', 'Есть', '32 990 р.'),
	(13, 'Ноутбук HP 15-bs162ur (4RG67EA)', 'Intel Core i3-5005U 2Ghz/15.6"/1366x768/4GB/500GB/DVD нет/Intel HD Graphics 5500/Wi-Fi/Bluetooth/Windows 10 Home/Черный', 'https://static.eldorado.ru/photos/71/713/770/91/new_71377091_l_1531903241.jpeg/resize/200x200/', 'Есть', 'Windows 10 Домашняя x64', '15.6"', '1366x768 Пикс', 'Intel', 'Core i3-5005U', '2 ГГц', '4 ГБ', 'DDR3L', 'HDD', '500 Гб', 'Intel', 'Intel HD Graphics 5500', '2 Гб', 'Есть', '26 990 р.'),
	(14, 'Ноутбук Lenovo IdeaPad 320-15ISK (80XH01N9RK)', 'Intel Core i3-6006U 2GHz/15.6”/1920х1080/4GB/500GB/DVD нет/Intel HD Graphics 520/Wi-Fi/Bluetooth/Win 10 Home x64/Черный', 'https://static.eldorado.ru/photos/71/713/760/79/new_71376079_l_1530826714.jpeg/resize/200x200/', 'Есть', 'Windows 10 Домашняя x64', '15.6"', '1920x1080 Пикс', 'Intel', 'Core i3-6006U', '2 ГГц', '4 ГБ', 'DDR4', 'HDD', '500 Гб', 'Intel', 'HD Graphics 520', '2 Гб', 'Есть', '29 990 р.'),
	(15, 'Игровой ноутбук HP 15-cx0030ur (4JT70EA)', 'Intel Core i5-8300H 2.3GHz/15.6”/1920х1080/8GB/1TB+128GB SSD/DVD нет/NVIDIA GeForce GTX 1050 Ti/Wi-Fi/Bluetooth/Win 10 Home x64/Серый,Черный', 'https://static.eldorado.ru/photos/71/713/770/97/new_71377097_l_1531907238.jpeg/resize/200x200/', 'Есть', 'Windows 10 Домашняя x64', '15.6"', '1920x1080 Пикс', 'Intel', 'Core i5-8300H', '2.3 ГГц', '8 ГБ', 'DDR4', 'HDD+SSD', '1128 Гб', 'nVidia', 'Intel UHD Graphics 630 + GeForce GTX 1050 Ti', '4 Гб', 'Есть', '66 990 р.'),
	(16, 'Ноутбук Lenovo IdeaPad 330-15AST (81D6008ARU)', 'AMD А4-9125 2300 Mhz/15.6"/1366х768/8GB/1TB/AMD Radeon R3/Wi-Fi/Bluetooth/Win 10 Home 64bit/Синий', 'https://static.eldorado.ru/photos/71/713/777/53/new_71377753_l_1533302713.jpeg/resize/200x200/', 'Есть', 'Windows 10 Домашняя x64', '15.6"', '1366x768 Пикс', 'AMD', 'A4-9125', '2.3 ГГц', '8 ГБ', 'DDR4', 'HDD', '1 Тб', 'AMD', 'Radeon R3', '4 Гб', 'Есть', '23 990 р.'),
	(17, 'Ноутбук Acer Swift 3 (SF314-52-381G) Sparkly Silver', 'Intel Core I3-7100U 2400Mhz/14"/1920х1080/4GB/256GB SSD/Intel HD Graphics 620/Wi-Fi/Bluetooth/Win10/Серебряный', 'https://static.eldorado.ru/photos/71/713/721/19/new_71372119_l_1535708093.jpeg/resize/200x200/', 'Есть', 'Windows 10 Домашняя', '14"', '1920x1080 Пикс', 'Intel', 'Core i3-7100U', '2.4 ГГц', '4 ГБ', 'DDR4', 'SSD', '256 Гб', 'Intel', 'HD Graphics 620', '4 Гб', 'Есть', '44 990 р.'),
	(18, 'Ноутбук Acer Aspire A515-51G-33UM (NX.GP5ER.019)', 'Intel Core i3-7020U 2.3GHz/15.6”/1366х768/6GB/500GB HDD + 128GB SSD/nVidia GeForce 940MX 2GB/DVD Нет/Wi-Fi/Bluetooth/Win 10/Черный', 'https://static.eldorado.ru/photos/71/713/779/42/new_71377942_l_1532611553.jpeg/resize/200x200/', 'Есть', 'Windows 10', '15.6"', '1366x768 Пикс', 'Intel', 'Core i3-7020U', '2.3 ГГц', '6 ГБ', 'DDR4', 'HDD+SSD', '628 Гб', 'nVidia', 'Intel HD Graphics 620 + nVidia GeForce 940MX', '2 Гб', 'Есть', '42 990 р.'),
	(19, 'Ноутбук HP 17-ca0001ur (4EM54EA)', 'AMD A6-9225 2600Mhz/17.3"/1600х900/4GB/500GB/DVD±RW/AMD Radeon 530/Wi-Fi/Bluetooth/Win10/Черный', 'https://static.eldorado.ru/photos/71/713/770/73/new_71377073_l_1531911151.jpeg/resize/200x200/', 'Есть', 'Windows 10 Домашняя x64', '17.3"', '1600x900 Пикс', 'AMD', 'A6-9225', '2.6 ГГц', '4 ГБ', 'DDR4', 'HDD', '500 Гб', 'AMD', 'Radeon 530', '2 Гб', 'Есть', '29 990 р.'),
	(20, 'Ноутбук HP 14-cf0078ur (4RK84EA)', 'Intel Core i3-7020U 2.3GHz/14"/1366х768/8GB/1TB+128GB SSD/AMD Radeon 530/DVD нет/Wi-Fi/Bluetooth/Win 10 Homeх64/Белый', 'https://static.eldorado.ru/photos/71/713/771/08/new_71377108_l_1531836396.jpeg/resize/200x200/', 'Есть', 'Windows 10 Домашняя x64', '14"', '1366x768 Пикс', 'Intel', 'Core i3-7020U', '2.3 ГГц', '8 ГБ', 'DDR4', 'HDD+SSD', '1128 Гб', 'AMD', 'AMD Radeon 530', '2 Гб', 'Есть', '39 990 р.'),
	(21, 'Игровой ноутбук ASUS FX570UD-DM151T', 'Intel Core i5-8250U 1600Mhz/15.6"/1920х1080/8GB/1TB HDD+ 256GB SSD/DVD нет/NVIDIA GeForce GTX 1050/Wi-Fi/Bluetooth/Win 10 Home/Черный', 'https://static.eldorado.ru/photos/71/713/802/78/new_71380278_l_1535716038.jpeg/resize/200x200/', 'Есть', 'Windows 10 Домашняя', '15.6"', '1920x1080 Пикс', 'Intel', 'Core i5-8250U', '1.6 ГГц', '8 ГБ', 'DDR4', 'HDD+SSD', '1.256 Тб', 'nVidia', 'Intel UHD Graphics 620 + GeForce GTX 1050', '2 Гб', 'Есть', '59 990 р.'),
	(22, 'Ноутбук ASUS TP401NA-EC018T (BTS18)', 'Intel Pentium N4200 1.1GHz/14"/1366х768/4GB/256GB SSD/Intel HD Graphics 505/DVD нет/Wi-Fi/Bluetooth/Win 10/Серый', 'https://static.eldorado.ru/photos/71/713/795/39/new_71379539_l_1534961743.jpeg/resize/200x200/', 'Есть', 'Windows 10 Домашняя', '14"', '1366x768 Пикс', 'Intel', 'Pentium N4200', '1.1 ГГц', '4 ГБ', 'DDR4', 'SSD', '256 Гб', 'Intel', 'Intel HD Graphics 505', '2 Гб', 'Есть', '36 990 р.'),
	(23, 'Ноутбук Lenovo IdeaPad IP330-15ICH (81FK003HRU)', 'Intel Core i5-8300H 2.2Ghz/15.6"/1920х1080/8GB/1TB/Intel Optane 16GB/DVD нет/nVIDIA GeForce GTX 1050/Wi-Fi/Bluetooth/Win 10 Home/Черный', 'https://static.eldorado.ru/photos/71/713/802/42/new_71380242_l_1535705845.jpeg/resize/200x200/', 'Есть', 'Windows 10 Домашняя', '15.6"', '1920x1080 Пикс', 'Intel', 'Core i5-8300H', '2.3 ГГц', '8 ГБ', 'DDR4', 'HDD+Intel Optane', '1 Тб', 'nVidia', 'Intel UHD Graphics 630 + GeForce GTX 1050', '4 Гб', 'Есть', '59 990 р.'),
	(24, 'Ноутбук Acer Extensa 15 EX2519-P5PG (NX.EFAER.026)', 'Intel Pentium N3710 1.6GHz/15.6"/1366x768/2GB/500GB HDD/Intel HD Graphics 405/DVD-RW/Wi-Fi/Bluetooth/Cam/Linux/Черный', 'https://static.eldorado.ru/photos/71/713/708/67/new_71370867_l_1519737811.jpeg/resize/200x200/', 'Есть', 'Linux', '15.6"', '1366x768 Пикс', 'Intel', 'Pentium N3710', '1.6 ГГц', '2 ГБ', 'DDR3L', 'HDD', '500 Гб', 'Intel', 'HD Graphics 405', '4 Гб', 'Есть', '15 990 р.'),
	(25, 'Игровой ноутбук ASUS F542UF-DM424T', 'Intel Core i3-8130U 2.2Ghz/15.6"/1920x1080/6GB/1ТB/nVidia GeForce MX130/DVD нет/Wi-Fi/Bluetooth/Win 10/Серый', 'https://static.eldorado.ru/photos/71/713/786/43/new_71378643_l_1533909606.jpeg/resize/200x200/', 'Есть', 'Windows 10', '15.6"', '1920x1080 Пикс', 'Intel', 'Core i3-8130U', '2.2 ГГц', '6 ГБ', 'DDR4', 'HDD', '1 Тб', 'nVidia', 'Intel UHD Graphics 620 + nVidia GeForce MX130', '2 Гб', 'Иформация отсутствует', '34 990 р.'),
	(26, 'Ноутбук Lenovo IdeaPad 330-14IGM (81D00028RU)', 'Intel Celeron N4000 1100Mhz/14"/1366х768/4GB/500GB/Intel UHD Graphics 600/Wi-Fi/Bluetooth/Win10 Home/Черный', 'https://static.eldorado.ru/photos/71/713/759/29/new_71375929_l_1530612975.jpeg/resize/200x200/', 'Есть', 'Windows 10 Домашняя', '14"', '1366x768 Пикс', 'Intel', 'Celeron N4000', '1100 МГц', '4 ГБ', 'DDR4', 'HDD', '500 Гб', 'Intel', 'UHD Graphics 600', '2 Гб', 'Иформация отсутствует', '15 990 р.'),
	(27, 'Ноутбук HP 15-bw664ur', 'AMD A10-9620P 2500Mhz/15.6"/1366x768/8GB/1TB/AMD Radeon 530/Wi-Fi/Bluetooth/Win10/Серебряный,Черный', 'https://static.eldorado.ru/photos/71/713/761/59/new_71376159_l_1530887682.jpeg/resize/200x200/', 'Есть', 'Windows 10 Домашняя x64', '15.6"', '1366x768 Пикс', 'AMD', 'A10-9620P', '2.5 ГГц', '8 ГБ', 'DDR4', 'HDD', '1 Тб', 'AMD', 'Radeon R7', '2 Гб', 'Иформация отсутствует', '29 990 р.'),
	(28, 'Ноутбук Acer Aspire A315-21G-947N (NX.GQ4ER.035)', 'AMD A9-9420 3GHz/15.6”/1366х768/6GB/1TB/AMD Radeon 520 2GB/DVD Нет/Wi-Fi/Bluetooth/Win 10 Home/Черный', 'https://static.eldorado.ru/photos/71/713/779/41/new_71377941_l_1532606598.jpeg/resize/200x200/', 'Есть', 'Windows 10 Домашняя', '15.6"', '1366x768 Пикс', 'AMD', 'A9-9420', '3 ГГц', '6 ГБ', 'DDR4', 'HDD', '1 Тб', 'AMD', 'Radeon R5 + Radeon 520', '2 Гб', 'Иформация отсутствует', '25 990 р.'),
	(29, 'Ноутбук ASUS R541UV-DM1589T', 'Intel Core i3-6006U 2GHz/15.6"/1920х1080/6GB/1TB/nVidia GeForce 920MX/DVD нет/Wi-Fi/Bluetooth/Win 10 Home/Серебряный', 'https://static.eldorado.ru/photos/71/713/795/52/new_71379552_l_1534874474.jpeg/resize/200x200/', 'Есть', 'Windows 10 Домашняя x64', '15.6"', '1920x1080 Пикс', 'Intel', 'Core i3-6006U', '2 ГГц', '6 ГБ', 'DDR4', 'HDD', '1 Тб', 'nVidia', 'Intel HD Graphics 520 + nVidia GeForce 920MX', '2 Гб', 'Иформация отсутствует', '33 990 р.'),
	(30, 'Игровой ноутбук Acer AN515-51-55P9 (NH.Q2SER.004)', 'Intel Core i5-7300HQ 2.5GHz/15.6"/1920х1080/6GB/1TB+128GB SSD/NVIDIA GeForce GTX 1050/DVD нет/Wi-Fi/Bluetooth/Win 10 Home/Черный', 'https://static.eldorado.ru/photos/71/713/716/11/new_71371611_l_1521204406.jpeg/resize/200x200/', 'Есть', 'Windows 10 Домашняя', '15.6"', '1920x1080 Пикс', 'Intel', 'Core i5-7300HQ', '2.5 ГГц', '6 ГБ', 'DDR4', 'HDD+SSD', '1152 Гб', 'nVidia', 'Intel HD Graphics 630 + NVIDIA GeForce GTX 1050', '2 Гб', 'Иформация отсутствует', '55 990 р.'),
	(31, 'Ноутбук HP 15-DB0000UR (4EM59EA)', 'AMD A6-9225 2600Mhz/15.6"/1366x768/8GB/1TB/AMD Radeon 520/DVD Нет/Wi-Fi/Bluetooth/Win10 Home x64/Черный', 'https://static.eldorado.ru/photos/71/713/773/06/new_71377306_l_1531737550.jpeg/resize/200x200/', 'Есть', 'Windows 10 Домашняя x64', '15.6"', '1366x768 Пикс', 'AMD', 'A6-9225', '2.6 ГГц', '8 ГБ', 'DDR4', 'HDD', '1 Тб', 'AMD', 'Radeon 520', '2 Гб', 'Иформация отсутствует', '27 990 р.'),
	(32, 'Ноутбук Lenovo IdeaPad 330-15AST (81D6007XRU)', 'AMD А4-9125 2300 Mhz/15.6"/1366х768/8GB/1TB/DVD нет/AMD Radeon R3/Wi-Fi/Bluetooth/Win 10 Home 64bit/Черный', 'https://static.eldorado.ru/photos/71/713/777/54/new_71377754_l_1533301944.jpeg/resize/200x200/', 'Есть', 'Windows 10 Домашняя x64', '15.6"', '1366x768 Пикс', 'AMD', 'A4-9125', '2.3 ГГц', '8 ГБ', 'DDR4', 'HDD', '1 Тб', 'AMD', 'Radeon R3', '2 Гб', 'Иформация отсутствует', '24 990 р.'),
	(33, 'Игровой ноутбук HP 15-cx0027ur', 'Intel Core i5-8250U 1.6GHz/15.6”/1920х1080/8Gb/1Tb/GeForce GTX 1050/Отсутствует/Wi-Fi/Bluetooth/Win 10 Home x64/Черный', 'https://static.eldorado.ru/photos/71/713/761/60/new_71376160_l_1532154538.jpeg/resize/200x200/', 'Есть', 'Windows 10 Домашняя x64', '15.6"', '1920x1080 Пикс', 'Intel', 'Core i5-8250U', '1.6 ГГц', '8 ГБ', 'DDR4', 'HDD', '1 Тб', 'nVidia', 'GeForce GTX 1050', '2 Гб', 'Иформация отсутствует', '52 990 р.'),
	(34, 'Игровой ноутбук Acer Nitro 5 AN515-31-524G (NH.Q2XER.003)', 'Intel Core i5-8250U 1.6GHz/15.6"/1920х1080/6GB/1TB/NVIDIA GeForce MX150/DVD нет/Wi-Fi/Bluetooth/Win 10/Черный', 'https://static.eldorado.ru/photos/71/713/796/44/new_71379644_l_1534962882.jpeg/resize/200x200/', 'Есть', 'Windows 10 Домашняя', '15.6"', '1920x1080 Пикс', 'Intel', 'Core i5-8250U', '1.6 ГГц', '6 ГБ', 'DDR4', 'HDD', '1 Тб', 'nVidia', 'Intel UHD Graphics 620 + NVIDIA GeForce MX150', '2 Гб', 'Иформация отсутствует', '44 990 р.'),
	(35, 'Ноутбук Acer Aspire 3 A315-21G-41DY (NX.GQ4ER.001)', 'AMD A4-9120 2.2GHz/15.6"/1366х768/4GB/500GB/AMD Radeon 520/DVD нет/Wi-Fi/Bluetooth/Win 10 Home/Черный', 'https://static.eldorado.ru/photos/71/713/795/53/new_71379553_l_1534941297.jpeg/resize/200x200/', 'Есть', 'Windows 10 Домашняя', '15.6"', '1366x768 Пикс', 'AMD', 'A4-9120', '2.2 ГГц', '4 ГБ', 'DDR4', 'HDD', '500 Гб', 'AMD', 'Radeon R3 + Radeon 520', '2 Гб', 'Иформация отсутствует', '22 990 р.'),
	(36, 'Ноутбук HP 15-bw625ur', 'AMD A9-9420 3GHz/15.6"/1366х768/8Gb/500Gb/AMD Radeon 520/DVD нет/Wi-Fi/Bluetooth/Win 10 Home/Черный', 'https://static.eldorado.ru/photos/71/713/702/04/new_71370204_l_1518526017.jpeg/resize/200x200/', 'Есть', 'Windows 10 Домашняя x64', '15.6"', '1366x768 Пикс', 'AMD', 'A9-9420', '3 ГГц', '8 ГБ', 'DDR4', 'HDD', '500 Гб', 'AMD', 'Radeon 520', '2 Гб', 'Иформация отсутствует', '27 990 р.'),
	(37, 'Ноутбук HP 15-bw522ur', 'AMD A12-9720P 2.7GHz/15.6"/1920x1080/6Gb/1Tb/AMD Radeon 530/DVD нет/Wi-Fi/Bluetooth/Win 10/Серебряный', 'https://static.eldorado.ru/photos/71/713/489/26/new_71348926_l_1500297334.jpeg/resize/200x200/', 'Есть', 'Windows 10', '15.6"', '1920x1080 Пикс', 'AMD', 'A12-9720P', '2.7 ГГц', '6 ГБ', 'DDR4', 'HDD', '1 Тб', 'AMD', 'Radeon 530', '4 Гб', 'Иформация отсутствует', '38 990 р.'),
	(38, 'Ноутбук Prestigio 133S01_P', 'Intel Celeron N3350 1.1GHz/13.3"/1920x1080/3Gb/32Gb SSD/Intel HD Graphics 500/DVD нет/Wi-Fi/Bluetooth/Win 10/Коричневый', 'https://static.eldorado.ru/photos/71/713/606/79/new_71360679_l_1503583670.jpeg/resize/200x200/', 'Есть', 'Windows 10 Профессиональная', '13.3"', '1920x1080 Пикс', 'Intel', 'Celeron N3350', '1.1 ГГц', '3 ГБ', 'DDR3', 'SSD', '32 Гб', 'Intel', 'HD Graphics 500', '4 Гб', 'Иформация отсутствует', '14 490 р.'),
	(39, 'Ноутбук Lenovo IdeaPad 320-15ABR (80XS000MRK)', 'AMD A10-9620P 2.5GHz/15.6"/1920x1080/6Gb/1Tb/AMD Radeon R530M 2Gb/DVD нет/Wi-Fi/Bluetooth/Win 10/Серый', 'https://static.eldorado.ru/photos/71/713/461/24/new_71346124_l_1501223260.png/resize/200x200/', 'Есть', 'Windows 10', '15.6"', '1920x1080 Пикс', 'AMD', 'A10-9620P', '2.5 ГГц', '6 ГБ', 'DDR4', 'HDD', '1 Тб', 'AMD', 'Radeon R530M', '2 Гб', 'Иформация отсутствует', '36 990 р.'),
	(40, 'Ноутбук Lenovo 320-15AST (80XV00C9RK)', 'AMD A9-9420 3000Mhz/15.6"/1366x768/8Gb/1Tb/AMD Radeon HD R520/Wi-Fi/Bluetooth/Win10/Серый', 'https://static.eldorado.ru/photos/71/713/665/49/new_71366549_l_1512998454.jpeg/resize/200x200/', 'Есть', 'Windows 10', '15.6"', '1366x768 Пикс', 'AMD', 'A9-9420', '3 ГГц', '8 ГБ', 'DDR4', 'HDD', '1 Тб', 'AMD', 'Radeon HD R520', '2048 Мб', 'Иформация отсутствует', '29 990 р.'),
	(41, 'Ноутбук HP 15-bs091ur', 'Intel Pentium N3710 1.6GHz/15.6"/1920x1080/4Gb/500Gb/AMD Radeon 520/DVD нет/Wi-Fi/Bluetooth/Win 10/Черный', 'https://static.eldorado.ru/photos/71/713/489/23/new_71348923_l_1500464604.jpeg/resize/200x200/', 'Есть', 'Windows 10', '15.6"', '1920x1080 Пикс', 'Intel', 'Pentium N3710', '1.6 ГГц', '4 ГБ', 'DDR3', 'HDD', '500 Гб', 'AMD', 'Intel HD Graphics 405 + AMD Radeon 520', '2 Гб', 'Иформация отсутствует', '26 990 р.'),
	(42, 'Ноутбук Lenovo IdeaPad 320-15AST (80XV001ERK)', 'AMD A4-9120 2200Mhz/15.6"/1920x1080/4Gb/500Gb/AMD Radeon R520M/Wi-Fi/Bluetooth/ Win10/Серый', 'https://static.eldorado.ru/photos/71/713/660/19/new_71366019_l_1507543815.jpeg/resize/200x200/', 'Есть', 'Windows 10', '15.6"', '1920x1080 Пикс', 'AMD', 'A4-9120', '2.2 ГГц', '4 ГБ', 'DDR4', 'HDD', '500 Гб', 'AMD', 'R520M', '2048 Мб', 'Иформация отсутствует', '21 990 р.'),
	(43, 'Игровой ноутбук Lenovo Legion Y520 (80WK00TKRK)', 'Intel Core i5-7300HQ 2.5GHz/15.6"/1920х1080/6Gb/500Gb+128Gb SSD/NVIDIA GeForce GTX1050/DVD нет/Wi-Fi/Bluetooth/Win 10/Черный', 'https://static.eldorado.ru/photos/71/713/681/83/new_71368183_l_1526386731.jpeg/resize/200x200/', 'Есть', 'Windows 10', '15.6"', '1920x1080 Пикс', 'Intel', 'Core i5-7300HQ', '2.5 ГГц', '6 ГБ', 'DDR4', 'HDD+SSD', '628 Гб', 'nVidia', 'Intel HD Graphics 630 + nVidia GeForce GTX1050', '2 Гб', 'Иформация отсутствует', '58 990 р.'),
	(44, 'Игровой ноутбук HP Pavilion Gaming 15-bc305ur', 'Intel Core I5-7200U 2500Mhz/15.6"/1920x1080/6Gb/1TB HDD + 128GB SSD/nVidia GeForce GTX 950M/Wi-Fi/Bluetooth/Win10/Черный', 'https://static.eldorado.ru/photos/71/713/665/25/new_71366525_l_1509096317.jpeg/resize/200x200/', 'Есть', 'Windows 10', '15.6"', '1920x1080 Пикс', 'Intel', 'Core i5-7200U', '2.5 ГГц', '6 ГБ', 'DDR4', 'HDD+SSD', '1.128 Тб', 'nVidia', 'GeForce GTX 950M', '2 Гб', 'Иформация отсутствует', '49 990 р.'),
	(45, 'Ноутбук HP 15-bs114ur', 'Intel Core I3-5005U 2000Mhz/15.6"/1366x768/8Gb/1Tb/AMD Radeon 520/Wi-Fi/Bluetooth/Win10/Черный', 'https://static.eldorado.ru/photos/71/713/665/41/new_71366541_l_1509099515.jpeg/resize/200x200/', 'Есть', 'Windows 10', '15.6"', '1366x768 Пикс', 'Intel', 'Core i3-5005U', '2 ГГц', '8 ГБ', 'DDR3', 'HDD', '1 Тб', 'AMD', 'Radeon 520', '2 Гб', 'Иформация отсутствует', '33 990 р.'),
	(46, 'Ноутбук Lenovo IdeaPad 320-15IAP (80XR001ARK)', 'Intel Celeron N3350 1.1GHz/15.6"/1366х768/4Gb/500Gb/Intel HD Graphics 500/DVD нет/Wi-Fi/Bluetooth/Win 10/Черный', 'https://static.eldorado.ru/photos/71/713/682/04/new_71368204_l_1518619712.jpeg/resize/200x200/', 'Есть', 'Windows 10', '15.6"', '1366x768 Пикс', 'Intel', 'Celeron N3350', '1.1 ГГц', '4 ГБ', 'DDR4', 'HDD', '500 Гб', 'Intel', 'Intel HD Graphics 500', '2 Гб', 'Иформация отсутствует', '19 990 р.'),
	(47, 'Игровой ноутбук HP Pavilion 15-aw025ur, W6Y46EA', 'AMD А9-9410 2.9GHz/15.6"/1366x768/6Gb/512Gb/AMD Radeon R7 M440/DVD-RW/Wi-Fi/Bluetooth/Win 10/Фиолетовый,Черный', 'https://static.eldorado.ru/photos/71/711/947/07/new_71194707_l_1470725234.png/resize/200x200/', 'Есть', 'Windows 10', '15.6"', '1366x768 Пикс', 'AMD', 'A9-9410', '2.9 ГГц', '6 ГБ', 'DDR4', 'HDD', '512 Гб', 'AMD', 'Mobility Radeon R7 M440', '2 Гб', 'Иформация отсутствует', '41 990 р.'),
	(48, 'Игровой ноутбук HP Pavilion 15-aw021ur, W6Y42EA', 'AMD А9-9410 2.9GHz/15.6"/1366x768/6Gb/512Gb/AMD Radeon R7 M440/DVD-RW/Wi-Fi/Bluetooth/Win 10/Золотой,Черный', 'https://static.eldorado.ru/photos/71/711/946/69/new_71194669_l_1470663553.png/resize/200x200/', 'Есть', 'Windows 10', '15.6"', '1366x768 Пикс', 'AMD', 'A9-9410', '2.9 ГГц', '6 ГБ', 'DDR4', 'HDD', '512 Гб', 'AMD', 'Mobility Radeon R7 M440', '2 Гб', 'Иформация отсутствует', '39 990 р.'),
	(49, 'Ноутбук ASUS R541UV-DM1590T', 'Intel Core i3-6006U 2GHz/15.6”/1920х1080/6GB/1TB HDD/nVidia GeForce 920MX/DVD нет/Wi-Fi/Bluetooth/Win10 Home x64/Красный', 'https://static.eldorado.ru/photos/71/713/830/98/new_71383098_l_1539544628.jpeg/resize/200x200/', 'Иформация отсутствует', 'Windows 10 Домашняя x64', '15.6"', '1920x1080 Пикс', 'Intel', 'Core i3-6006U', '2 ГГц', '6 ГБ', 'DDR4', 'HDD', '1 Тб', 'nVidia', 'GeForce 920MX', '2 Гб', 'Иформация отсутствует', '33 990 р.'),
	(50, 'Ноутбук Acer Nitro 5 AN515-51-559E (NH.Q2QER.003)', 'Intel Core i5-7300HQ 2.5Ghz/15.6"/1920х1080/12GB/2TB/NVIDIA GeForce GTX 1050 Ti/DVD нет/Wi-Fi/Bluetooth/Win 10 Home/Черный', 'https://static.eldorado.ru/photos/71/713/681/76/new_71368176_l_1535724908.jpeg/resize/200x200/', 'Иформация отсутствует', 'Windows 10 Домашняя x64', '15.6"', '1920x1080 Пикс', 'Intel', 'Core i5-7300HQ', '2.5 ГГц', '12 ГБ', 'DDR4', 'HDD', '2 Тб', 'nVidia', 'GeForce GTX 1050 Ti', '4 Гб', 'Иформация отсутствует', '68 990 р.'),
	(51, 'Ноутбук HP 15-bw050ur (2CQ05EA)', 'AMD A6-9220 2.5GHz/15.6”/1920х1080/6GB/500GB/AMD Radeon 520/DVD±RW/Wi-Fi/Bluetooth/Win 10 Home x64/Черный', 'https://static.eldorado.ru/photos/71/713/785/27/new_71378527_l_1533901885.jpeg/resize/200x200/', 'Иформация отсутствует', 'Windows 10 Домашняя x64', '15.6"', '1920x1080 Пикс', 'AMD', 'A6-9220', '2.5 ГГц', '6 ГБ', 'DDR4', 'HDD', '500 Гб', 'AMD', 'Radeon 520', '2 Гб', 'Иформация отсутствует', '28 990 р.'),
	(52, 'Ноутбук Acer Aspire 3 A315-21-63VL (NX.GNVER.022)', 'AMD A6-9220 2.5GHz/15.6"/1920х1080/6GB/1TB/AMD Radeon R4/DVD нет/Wi-Fi/Bluetooth/Win 10 Home/Черный', 'https://static.eldorado.ru/photos/71/713/795/55/new_71379555_l_1534941852.jpeg/resize/200x200/', 'Иформация отсутствует', 'Windows 10 Домашняя', '15.6"', '1920x1080 Пикс', 'AMD', 'A6-9220', '2.5 ГГц', '6 ГБ', 'DDR4', 'HDD', '1 Тб', 'AMD', 'Radeon R4', '2 Гб', 'Иформация отсутствует', '26 990 р.'),
	(53, 'Ноутбук Irbis NB110 Red', 'Intel Atom x5-Z8350 1.44GHz/11.6"/1920х1080/2GB/32GB/Intel HD Graphics/DVD нет/Wi-Fi/Bluetooth/Win 10/Красный', 'https://static.eldorado.ru/photos/71/713/796/29/new_71379629_l_1536315447.jpeg/resize/200x200/', 'Иформация отсутствует', 'Windows 10 Домашняя', '11.6"', '1920x1080 Пикс', 'Intel', 'Atom x5-Z8350', '1.44 ГГц', '2 ГБ', 'DDR3L', 'eMMC', '32 Гб', 'Intel', 'HD Graphics', '2 Гб', 'Иформация отсутствует', '10 990 р.'),
	(54, 'Ноутбук HP 14-ce0049ur', 'Intel Core i3-8130U 2200Mhz/14"/1920x1080/4GB/1TB/Intel Optane 16GB/Intel UHD Graphics 620/Wi-Fi/Bluetooth/Win10/Белый,Золотой', 'https://static.eldorado.ru/photos/71/713/761/57/new_71376157_l_1530884410.jpeg/resize/200x200/', 'Иформация отсутствует', 'Windows 10 Домашняя x64', '14"', '1920x1080 Пикс', 'Intel', 'Core i3-8130U', '2.2 ГГц', '4 ГБ', 'DDR4', 'HDD+Intel Optane', '1 Тб', 'Intel', 'UHD Graphics 620', '2 Гб', 'Иформация отсутствует', '43 990 р.'),
	(55, 'Ноутбук HP 14-cf0023ur (4MH49EA)', 'Intel Celeron N4000 1.1GHz/14"/1366x768/4GB/128GB SSD/Intel UHD Graphics 600/DVD нет/Wi-Fi/Bluetooth/Win 10 Homeх64/Золотой', 'https://static.eldorado.ru/photos/71/713/771/06/new_71377106_l_1531834400.jpeg/resize/200x200/', 'Иформация отсутствует', 'Windows 10 Домашняя x64', '14"', '1366x768 Пикс', 'Intel', 'Celeron N4000', '1.1 ГГц', '4 ГБ', 'DDR4', 'SSD', '128 Гб', 'Intel', 'Intel UHD Graphics 600', '2 Гб', 'Иформация отсутствует', '24 990 р.'),
	(56, 'Ноутбук HP 15-bs650ur (3LG77EA)', 'Intel Celeron N3060 1.6Ghz/15.6"/1366x768/4GB/128GB SSD/Intel HD Graphics 400/DVD нет/Wi-Fi/Bluetooth/Win 10х64 Home/Черный', 'https://static.eldorado.ru/photos/71/713/786/45/new_71378645_l_1539346704.jpeg/resize/200x200/', 'Иформация отсутствует', 'Windows 10 Домашняя x64', '15.6"', '1366x768 Пикс', 'Intel', 'Celeron N3060', '1.6 ГГц', '4 ГБ', 'DDR3L', 'SSD', '128 Гб', 'Intel', 'HD Graphics 400', '2 Гб', 'Иформация отсутствует', '21 490 р.'),
	(57, 'Ноутбук Acer Aspire ES ES1-523-81RC (NX.GKYER.017)', 'AMD A8-7410 2.2GHz/15.6"/1366х768/8GB/1TB/AMD Radeon R5/DVD нет/Wi-Fi/Bluetooth/Win 10 Home/Черный', 'https://static.eldorado.ru/photos/71/713/795/54/new_71379554_l_1534943140.jpeg/resize/200x200/', 'Иформация отсутствует', 'Windows 10 Домашняя', '15.6"', '1366x768 Пикс', 'AMD', 'A8-7410', '2.2 ГГц', '8 ГБ', 'DDR3L', 'HDD', '1 Тб', 'AMD', 'Radeon R5', '2 Гб', 'Иформация отсутствует', '27 990 р.'),
	(58, 'Ноутбук Dell Inspiron 3180-7697', 'AMD А6-9220e 1.6GHz/11.6"/1366х768/4GB/32GB SSD/AMD Radeon R4/DVD нет/Wi-Fi/Bluetooth/Win 10 Home/Синий', 'https://static.eldorado.ru/photos/71/713/795/59/new_71379559_l_1542188274.jpeg/resize/200x200/', 'Иформация отсутствует', 'Windows 10 Домашняя', '11.6"', '1366x768 Пикс', 'AMD', 'A6-9220e', '1.6 ГГц', '4 ГБ', 'DDR4', 'SSD', '32 Гб', 'AMD', 'Radeon R4', '2 Гб', 'Иформация отсутствует', '14 990 р.'),
	(59, 'Игровой ноутбук HP Pavilion 15-cx0098ur (4RG09EA)', 'Intel Core i5-8300H 2.3GHz/15.6”/1920х1080/12GB/1TB+256GB SSD/nVidia GeForce GTX 1060/DVD нет/Wi-Fi/Bluetooth/Win10 Home x64/Серый', 'https://static.eldorado.ru/photos/71/713/803/80/new_71380380_l_1535690880.jpeg/resize/200x200/', 'Есть', 'Windows 10 Домашняя x64', '15.6"', '1920x1080 Пикс', 'Intel', 'Core i5-8300H', '2.3 ГГц', '12 ГБ', 'DDR4', 'HDD+SSD', '1256 Гб', 'nVidia', 'GeForce GTX 1060', '3 Гб', 'Иформация отсутствует', '79 990 р.'),
	(60, 'Ноутбук ASUS ZenBook 13 UX331UA-EG120T', 'Intel Core i5-8250U 1.6GHz/13.3”/1920х1080/8GB/256GB SDD/Intel HD Graphics 620/DVD нет/Wi-Fi/Bluetooth/Win10 Home x64/Золотой', 'https://static.eldorado.ru/photos/71/713/843/83/new_71384383_l_1540909224.jpeg/resize/200x200/', 'Есть', 'Windows 10 Домашняя x64', '13.3"', '1920x1080 Пикс', 'Intel', 'Core i5-8250U', '1.6 ГГц', '8 ГБ', 'LPDDR3', 'SSD', '256 Гб', 'Intel', 'HD Graphics 620', '3 Гб', 'Иформация отсутствует', '62 990 р.'),
	(61, 'Ноутбук Dell Inspiron 5570-0078', 'Intel Core i5-8250U 1.6GHz/15.6”/1920х1080/8Gb/1Tb/AMD Radeon 530/DVD±RW/Wi-Fi/Bluetooth/Linux/Золотой', 'https://static.eldorado.ru/photos/71/713/737/18/new_71373718_l_1524691136.jpeg/resize/200x200/', 'Есть', 'Linux', '15.6"', '1920x1080 Пикс', 'Intel', 'Core i5-8250U', '1.6 ГГц', '8 ГБ', 'DDR4', 'HDD', '1 Тб', 'AMD', 'Radeon 530', '4 Гб', 'Иформация отсутствует', '42 990 р.'),
	(62, 'Ноутбук HP Pavilion 14-ce0044ur (4MH47EA)', 'Intel Pentium 4415U/14”/1366х768/4GB/128GB SSD/Intel HD Graphics 610/DVD Нет/Wi-Fi/Bluetooth/Win 10 Home x64/Бордовый', 'https://static.eldorado.ru/photos/71/713/782/50/new_71378250_l_1533748145.jpeg/resize/200x200/', 'Есть', 'Windows 10 Домашняя x64', '14"', '1366x768 Пикс', 'Intel', 'Pentium 4415U', '2.3 ГГц', '4 ГБ', 'DDR4', 'SSD', '128 Гб', 'Intel', 'HD Graphics 610', '4 Гб', 'Иформация отсутствует', '35 990 р.'),
	(63, 'Ноутбук Prestigio SmartBook 141 C2 Black (PSB141C02ZFHBKCIS)', 'Intel Celeron N3350 1.1GHz/14.1"/1920х1080/3GB/32GB SSD/Intel HD Graphics 500/DVD нет/Wi-Fi/Bluetooth/Win 10/Черный', 'https://static.eldorado.ru/photos/71/713/782/86/new_71378286_l_1533551446.jpeg/resize/200x200/', 'Есть', 'Windows 10 Домашняя', '14.1"', '1920x1080 Пикс', 'Intel', 'Celeron N3350', '1.1 ГГц', '3 ГБ', 'DDR3', 'SSD', '32 Гб', 'Intel', 'Intel HD Graphics 500', '4 Гб', 'Иформация отсутствует', '13 990 р.'),
	(64, 'Ноутбук Prestigio SmartBook 141 C2 Blue (PSB141C02ZFHBBCIS)', 'Intel Celeron N3350 1.1GHz/14.1"/1920х1080/3GB/32GB SSD/Intel HD Graphics 500/DVD нет/Wi-Fi/Bluetooth/Win 10/Синий', 'https://static.eldorado.ru/photos/71/713/782/87/new_71378287_l_1533555906.jpeg/resize/200x200/', 'Есть', 'Windows 10 Домашняя', '14.1"', '1920x1080 Пикс', 'Intel', 'Celeron N3350', '1.1 ГГц', '3 ГБ', 'DDR3', 'SSD', '32 Гб', 'Intel', 'Intel HD Graphics 500', '4 Гб', 'Иформация отсутствует', '13 990 р.'),
	(65, 'Ноутбук HP 17-bs012ur (1ZJ30EA)', 'Intel Core i3-6006U 2GHz/17.3"/1600х900/4GB/500GB/AMD Radeon 520/DVD-RW/Wi-Fi/Bluetooth/Win 10/Серебряный', 'https://static.eldorado.ru/photos/71/713/786/48/new_71378648_l_1533828530.jpeg/resize/200x200/', 'Есть', 'Windows 10 Домашняя x64', '17.3"', '1600x900 Пикс', 'Intel', 'Core i3-6006U', '2 ГГц', '4 ГБ', 'DDR4', 'HDD', '500 Гб', 'AMD', 'Intel HD Graphics 520 + AMD Radeon 520', '2 Гб', 'Иформация отсутствует', '33 490 р.'),
	(66, 'Ноутбук Irbis NB110 Blue', 'Intel Atom x5-Z8350 1.44GHz/11.6"/1920х1080/2GB/32GB/Intel HD Graphics/DVD нет/Wi-Fi/Bluetooth/Win 10/Синий', 'https://static.eldorado.ru/photos/71/713/796/83/new_71379683_l_1536316406.jpeg/resize/200x200/', 'Есть', 'Windows 10 Домашняя', '11.6"', '1920x1080 Пикс', 'Intel', 'Atom x5-Z8350', '1.44 ГГц', '2 ГБ', 'DDR3L', 'eMMC', '32 Гб', 'Intel', 'HD Graphics', '2 Гб', 'Иформация отсутствует', '10 990 р.'),
	(67, 'Ноутбук Acer Aspire 3 A315-41G-R3JW (NX.GYBER.009)', 'AMD Ryzen 3 2200U 2500Mhz/15.6"/1366х768/4GB/1TB/DVD нет/AMD Radeon 530X/Wi-Fi/Bluetooth/Win 10 Home/Черный', 'https://static.eldorado.ru/photos/71/713/802/75/new_71380275_l_1535710367.jpeg/resize/200x200/', 'Есть', 'Windows 10 Домашняя x64', '15.6"', '1366x768 Пикс', 'AMD', 'Ryzen 3 2200U', '2.5 ГГц', '4 ГБ', 'DDR4', 'HDD', '1 Тб', 'AMD', 'Radeon Vega 3 + Radeon 530X', '2 Гб', 'Иформация отсутствует', '33 990 р.'),
	(68, 'Игровой ноутбук ASUS FX705GM-EW019T', 'Intel Core i7-8750U 2200Mhz/17.3"/1920х1080/4GB/1TB+128 SSD/DVD нет/NVIDIA GeForce GTX 1060/Wi-Fi/Bluetooth/Win 10/Черный', 'https://static.eldorado.ru/photos/71/713/837/88/new_71383788_l_1540557906.jpeg/resize/200x200/', 'Есть', 'Windows 10', '17.3"', '1920x1080 Пикс', 'Intel', 'Core i7-8750H', '2.2 ГГц', '8 ГБ', 'DDR4', 'HDD+SSD', '1128 Тб', 'nVidia', 'GeForce GTX 1060', '6 Гб', 'Иформация отсутствует', '107 990 р.'),
	(69, 'Ноутбук Acer TravelMate TMP259-MG-56TU', 'Intel Core I5-6200U 2300Mhz/15.6"/1920x1080/8GB/2TB/DVD±RW/NVIDIA GeForce 940MX/Wi-Fi/Bluetooth/Linux/Черный', 'https://static.eldorado.ru/photos/71/713/721/88/new_71372188_l_1522840853.jpeg/resize/200x200/', 'Есть', 'Linux', '15.6"', '1920x1080 Пикс', 'Intel', 'Core i5-6200U', '2.3 ГГц', '8 ГБ', 'DDR4', 'HDD', '2 Тб', 'nVidia', 'GeForce 940MX', '2 Гб', 'Иформация отсутствует', '43 790 р.'),
	(70, 'Игровой ноутбук HP 15-cx0006ur (4HB26EA)', 'Intel Core i5-8300H 2300Mhz/15.6"/1920х1080/12GB/128GB/NVIDIA® GeForce GTX 1050 Ti/Wi-Fi/Bluetooth/Win10/Черный', 'https://static.eldorado.ru/photos/71/713/770/76/new_71377076_l_1531916185.jpeg/resize/200x200/', 'Есть', 'Windows 10 Домашняя x64', '15.6"', '1920x1080 Пикс', 'Intel', 'Core i5-8300H', '2.3 ГГц', '12 ГБ', 'DDR4', 'SSD', '128 Гб', 'nVidia', 'GeForce GTX 1050 Ti', '4 Гб', 'Иформация отсутствует', '69 990 р.'),
	(71, 'Игровой ноутбук HP 15-cx0000ur (4HA65EA)', 'Intel Core i5 8300H 2.3GHz/15.6”/1920х1080/8Gb/1Tb/DVD нет/GeForce GTX 1050/Wi-Fi/Bluetooth/Win 10 Home x64/Черный', 'https://static.eldorado.ru/photos/71/713/770/93/new_71377093_l_1531906310.jpeg/resize/200x200/', 'Есть', 'Windows 10 Домашняя x64', '15.6"', '1920x1080 Пикс', 'Intel', 'Core i5-8300H', '2.3 ГГц', '8 ГБ', 'DDR4', 'HDD', '1 Тб', 'nVidia', 'GeForce GTX 1050', '2 Гб', 'Иформация отсутствует', '57 990 р.'),
	(72, 'Игровой ноутбук HP 15-cx0002ur (4HF71EA)', 'Intel Core i5-8300H 2.3GHz/15.6”/1920х1080/8GB/1TB+128GB SSD/DVD нет/NVIDIA GeForce GTX 1050/Wi-Fi/Bluetooth/Win 10 Home x64/Серый,Черный', 'https://static.eldorado.ru/photos/71/713/770/95/new_71377095_l_1531906857.jpeg/resize/200x200/', 'Есть', 'Windows 10 Домашняя x64', '15.6"', '1920x1080 Пикс', 'Intel', 'Core i5-8300H', '2.3 ГГц', '8 ГБ', 'DDR4', 'HDD+SSD', '1128 Гб', 'nVidia', 'Intel UHD Graphics 630 + GeForce GTX 1050', '4 Гб', 'Иформация отсутствует', '66 990 р.');
/*!40000 ALTER TABLE `notebook` ENABLE KEYS */;

-- Дамп структуры для таблица e_shopper.notebooks_colors
CREATE TABLE IF NOT EXISTS `notebooks_colors` (
  `pid` int(11) NOT NULL AUTO_INCREMENT,
  `fk_notebook` int(11) NOT NULL DEFAULT '0',
  `fk_color` int(11) NOT NULL DEFAULT '0',
  PRIMARY KEY (`pid`)
) ENGINE=InnoDB AUTO_INCREMENT=80 DEFAULT CHARSET=utf8;

-- Дамп данных таблицы e_shopper.notebooks_colors: ~79 rows (приблизительно)
/*!40000 ALTER TABLE `notebooks_colors` DISABLE KEYS */;
INSERT INTO `notebooks_colors` (`pid`, `fk_notebook`, `fk_color`) VALUES
	(1, 1, 1),
	(2, 2, 1),
	(3, 3, 1),
	(4, 4, 1),
	(5, 6, 1),
	(6, 7, 1),
	(7, 9, 1),
	(8, 10, 1),
	(9, 11, 1),
	(10, 12, 1),
	(11, 13, 1),
	(12, 14, 1),
	(13, 15, 1),
	(14, 18, 1),
	(15, 19, 1),
	(16, 21, 1),
	(17, 23, 1),
	(18, 24, 1),
	(19, 26, 1),
	(20, 27, 1),
	(21, 28, 1),
	(22, 30, 1),
	(23, 31, 1),
	(24, 32, 1),
	(25, 33, 1),
	(26, 34, 1),
	(27, 35, 1),
	(28, 36, 1),
	(29, 41, 1),
	(30, 43, 1),
	(31, 44, 1),
	(32, 45, 1),
	(33, 46, 1),
	(34, 47, 1),
	(35, 48, 1),
	(36, 50, 1),
	(37, 51, 1),
	(38, 52, 1),
	(39, 56, 1),
	(40, 57, 1),
	(41, 63, 1),
	(42, 67, 1),
	(43, 68, 1),
	(44, 69, 1),
	(45, 70, 1),
	(46, 71, 1),
	(47, 72, 1),
	(48, 12, 2),
	(49, 16, 2),
	(50, 58, 2),
	(51, 64, 2),
	(52, 66, 2),
	(53, 8, 3),
	(54, 15, 3),
	(55, 22, 3),
	(56, 25, 3),
	(57, 39, 3),
	(58, 40, 3),
	(59, 42, 3),
	(60, 59, 3),
	(61, 72, 3),
	(62, 48, 5),
	(63, 54, 5),
	(64, 55, 5),
	(65, 60, 5),
	(66, 61, 5),
	(67, 49, 6),
	(68, 53, 6),
	(69, 20, 14),
	(70, 54, 14),
	(71, 17, 15),
	(72, 27, 15),
	(73, 29, 15),
	(74, 37, 15),
	(75, 65, 15),
	(76, 5, 18),
	(77, 38, 18),
	(78, 47, 19),
	(79, 62, 20);
/*!40000 ALTER TABLE `notebooks_colors` ENABLE KEYS */;

-- Дамп структуры для таблица e_shopper.tablet
CREATE TABLE IF NOT EXISTS `tablet` (
  `pid` int(11) NOT NULL AUTO_INCREMENT,
  `tablet_name` varchar(100) NOT NULL,
  `tablet_img` varchar(100) NOT NULL DEFAULT 'Информация отсутствует',
  `price` varchar(30) NOT NULL DEFAULT 'Информация отсутствует',
  `os` varchar(30) NOT NULL DEFAULT 'Информация отсутствует',
  `screen_type` varchar(30) NOT NULL DEFAULT 'Информация отсутствует',
  `screen_diag` varchar(30) NOT NULL DEFAULT 'Информация отсутствует',
  `screen_res` varchar(30) NOT NULL DEFAULT 'Информация отсутствует',
  `processor_model` varchar(30) NOT NULL DEFAULT 'Информация отсутствует',
  `clock_frequency` varchar(50) NOT NULL DEFAULT 'Информация отсутствует',
  `max_clock_frequency` varchar(50) NOT NULL DEFAULT 'Информация отсутствует',
  `core_num` varchar(30) NOT NULL DEFAULT 'Информация отсутствует',
  `internal_storage` varchar(30) NOT NULL DEFAULT 'Информация отсутствует',
  `ram` varchar(30) NOT NULL DEFAULT 'Информация отсутствует',
  `wi_fi` varchar(30) NOT NULL DEFAULT 'Информация отсутствует',
  `support_3g` varchar(30) NOT NULL DEFAULT 'Информация отсутствует',
  `support_4g` varchar(30) NOT NULL DEFAULT 'Информация отсутствует',
  `main_camera` varchar(30) NOT NULL DEFAULT 'Информация отсутствует',
  `front_camera` varchar(30) NOT NULL DEFAULT 'Информация отсутствует',
  PRIMARY KEY (`pid`)
) ENGINE=InnoDB AUTO_INCREMENT=49 DEFAULT CHARSET=utf8;

-- Дамп данных таблицы e_shopper.tablet: ~48 rows (приблизительно)
/*!40000 ALTER TABLE `tablet` DISABLE KEYS */;
INSERT INTO `tablet` (`pid`, `tablet_name`, `tablet_img`, `price`, `os`, `screen_type`, `screen_diag`, `screen_res`, `processor_model`, `clock_frequency`, `max_clock_frequency`, `core_num`, `internal_storage`, `ram`, `wi_fi`, `support_3g`, `support_4g`, `main_camera`, `front_camera`) VALUES
	(1, 'Планшет Samsung Galaxy Tab A 10.5 32GB LTE Black (SM-T595NZKASER)', 'https://static.eldorado.ru/photos/71/713/808/43/new_71380843_l_1535968125.jpeg/resize/200x200/', '24 990 р.', 'Иформация отсутствует', 'TFT', '10.5"', '1920x1200 Пикс', 'Snapdragon 450', '1.8 ГГц', 'Иформация отсутствует', '8', '32 ГБ', '3 ГБ', 'Есть', 'Есть', 'Есть', '8 Мпикс', '5 Мпикс'),
	(2, 'Планшет Samsung Galaxy Tab S3 9.7" LTE 32Gb Black (SM-T825NZKASER)', 'https://static.eldorado.ru/photos/71/713/582/75/new_71358275_l_1501743065.jpeg/resize/200x200/', '44 990 р.', 'Android 7.0 Nougat', 'Super AMOLED', '9.7"', '2048x1536 Пикс', 'Snapdragon 450', '1.6 ГГц', '2.15 ГГц', '4', '32 ГБ', '4 ГБ', 'Есть', 'Есть', 'Есть', '13 Мпикс', '5 Мпикс'),
	(3, 'Планшет Prestigio Wize PMT3161 3G Black', 'https://static.eldorado.ru/photos/71/713/777/85/new_71377785_l_1538121362.jpeg/resize/200x200/', '6 690 р.', 'Android 7.0 Nougat', 'TFT IPS', '10.1"', '1280x800 Пикс', 'МТК8321', '1.3 ГГц', '2.15 ГГц', '4', '8 ГБ', '1 ГБ', 'Есть', 'Есть', 'Есть', '0.3 Мпикс', '2 Мпикс'),
	(4, 'Планшет Prestigio Wize PMT3327 3G Black', 'https://static.eldorado.ru/photos/71/713/796/59/new_71379659_l_1538121527.jpeg/resize/200x200/', '4 990 р.', 'Android 7.0 Nougat', 'TFT IPS', '7"', '1024x600 Пикс', 'MT8321', '1.3 ГГц', '2.15 ГГц', '4', '8 ГБ', '1 ГБ', 'Есть', 'Есть', 'Есть', '2 Мпикс', '0.3 Мпикс'),
	(5, 'Планшет Huawei MediaPad T3 7 BG2-U01 3G 8GB Space Grey (53019926)', 'https://static.eldorado.ru/photos/71/713/700/56/new_71370056_l_1518523347.jpeg/resize/200x200/', '5 990 р.', 'Android 7.0 Nougat', 'TFT IPS', '7"', '1024x600 Пикс', 'SC7731G', '1.3 ГГц', '2.15 ГГц', '4', '8 ГБ', '1 ГБ', 'Есть', 'Есть', 'Есть', '2 Мпикс', '2 Мпикс'),
	(6, 'Планшет Irbis TZ777 16GB Purple', 'https://static.eldorado.ru/photos/71/713/796/93/new_71379693_l_1536655702.jpeg/resize/200x200/', '4 490 р.', 'Android 7.0 Nougat', 'TFT IPS', '7"', '1280x800 Пикс', 'MTK8321', '1.3 ГГц', '2.15 ГГц', '4', '16 ГБ', '1 ГБ', 'Есть', 'Есть', 'Есть', '2 Мпикс', '0.3 Мпикс'),
	(7, 'Планшет Apple iPad Wi-Fi 32GB Space Grey 2018 (MR7F2RU/A)', 'https://static.eldorado.ru/photos/71/713/723/68/new_71372368_l_1529404258.jpeg/resize/200x200/', '24 990 р.', 'iOS', 'TFT IPS', '9.7"', '2048x1536 Пикс', 'A10 Fusion + M10', '1.3 ГГц', '2.15 ГГц', '4', '32 ГБ', '1 ГБ', 'Есть', 'Есть', 'Есть', '8 Мпикс', '1.2 Мпикс'),
	(8, 'Планшет Samsung Galaxy Tab A 10.1 SM-T585 16Gb LTE Black', 'https://static.eldorado.ru/photos/71/711/867/49/new_71186749_l_1467970406.jpeg/resize/200x200/', '19 990 р.', 'Android 6.0 Marshmallow', 'TFT', '10.1"', '1920x1200 Пикс', 'Samsung Exynos 7870', '1.6 ГГц', '2.15 ГГц', '8', '16 ГБ', '2 ГБ', 'Есть', 'Есть', 'Есть', '8 Мпикс', '2 Мпикс'),
	(9, 'Планшет Samsung Galaxy Tab A 7.0 SM-T285 8Gb LTE Silver', 'https://static.eldorado.ru/photos/71/711/728/68/new_71172868_l_1460731252.jpeg/resize/200x200/', '9 990 р.', 'Android 5.1 Lollipop', 'TFT', '7"', '1280x800 Пикс', 'SC9830I', '1.5 ГГц', '2.15 ГГц', '4', '8 ГБ', '1.5 ГБ', 'Есть', 'Есть', 'Есть', '5 Мпикс', '2 Мпикс'),
	(10, 'Планшет Samsung Galaxy Tab A 10.1 SM-T585 16Gb LTE Blue', 'https://static.eldorado.ru/photos/71/711/867/48/new_71186748_l_1467968997.jpeg/resize/200x200/', '19 990 р.', 'Android 6.0 Marshmallow', 'TFT', '10.1"', '1920x1200 Пикс', 'Samsung Exynos 7870', '1.6 ГГц', '2.15 ГГц', '8', '16 ГБ', '2 ГБ', 'Есть', 'Есть', 'Есть', '8 Мпикс', '2 Мпикс'),
	(11, 'Планшет Huawei M3 Lite 10" 32Gb Grey (53018961)', 'https://static.eldorado.ru/photos/71/713/461/90/new_71346190_l_1500416959.jpeg/resize/200x200/', '21 990 р.', 'Android 7.0 Nougat', 'TFT IPS', '10.1"', '1920x1200 Пикс', 'Qualcomm MSM8940', '1.4 ГГц', '2.15 ГГц', '8', '32 ГБ', '3 ГБ', 'Есть', 'Есть', 'Есть', '8 Мпикс', '8 Мпикс'),
	(12, 'Планшет Prestigio Grace PMT3157 3G Black', 'https://static.eldorado.ru/photos/71/713/699/55/new_71369955_l_1517311550.jpeg/resize/200x200/', '3 990 р.', 'Android 7.0 Nougat', 'TFT IPS', '7"', '1280x800 Пикс', 'MT8321', '1.3 ГГц', '2.15 ГГц', '4', '16 ГБ', '1 ГБ', 'Есть', 'Есть', 'Есть', '2 Мпикс', '0.3 Мпикс'),
	(13, 'Планшет Lenovo TB-7304X 7" 16GB Black (ZA330081RU)', 'https://static.eldorado.ru/photos/71/713/688/88/new_71368888_l_1513614133.jpeg/resize/200x200/', '8 490 р.', 'Android 7.0 Nougat', 'TFT IPS', '7"', '1024x600 Пикс', 'MT8735D', '1.1 ГГц', '2.15 ГГц', '4', '16 ГБ', '1 ГБ', 'Есть', 'Есть', 'Есть', '2 Мпикс', '2 Мпикс'),
	(14, 'Планшет Digma Optima Prime 3 3G MT8321 (TS7131MG) Black', 'https://static.eldorado.ru/photos/71/713/663/12/new_71366312_l_1512127206.jpeg/resize/200x200/', '3 690 р.', 'Android 7.0 Nougat', 'TFT IPS', '7"', '1024x600 Пикс', 'MT8321', '1300 МГц', '2.15 ГГц', '4', '8 ГБ', '1 ГБ', 'Есть', 'Есть', 'Есть', '2 Мпикс', '0.3 Мпикс'),
	(15, 'Планшет Samsung Galaxy Tab E 3G 8GB Black (SM-T561NZKASER)', 'https://static.eldorado.ru/photos/71/711/252/96/new_71125296_l_231.jpeg/resize/200x200/', '11 990 р.', 'Android 4.4 KitKat', 'TFT', '9.6"', '1280x800 Пикс', 'MT8321', '1.3 ГГц', '2.15 ГГц', '4', '8 ГБ', '1.5 ГБ', 'Есть', 'Есть', 'Есть', '5 Мпикс', '2 Мпикс'),
	(16, 'Планшет Huawei MediaPad T3 10 AGS-L09 LTE 16GB Grey (53018522)', 'https://static.eldorado.ru/photos/71/713/593/85/new_71359385_l_1502132523.jpeg/resize/200x200/', '11 990 р.', 'Android 7.0 Nougat', 'TFT IPS', '9.6"', '1280x800 Пикс', 'Snapdragon 425 MSM8917', '1.4 ГГц', '2.15 ГГц', '4', '16 ГБ', '2 ГБ', 'Есть', 'Есть', 'Есть', '5 Мпикс', '2 Мпикс'),
	(17, 'Планшет Huawei MediaPad M5 10.8" 64GB Grey', 'https://static.eldorado.ru/photos/71/713/744/00/new_71374400_l_1527859094.jpeg/resize/200x200/', '35 990 р.', 'Android 8.0 Oreo', 'TFT IPS', '10.8"', '2560x1600 Пикс', 'Kirin 960', '2100 МГц', '2.15 ГГц', '8', '64 ГБ', '4 ГБ', 'Есть', 'Есть', 'Есть', '13 Мпикс', '8 Мпикс'),
	(18, 'Планшет Lenovo Tab 4 TB-8504X 8" 16Gb LTE Black (ZA2D0036RU)', 'https://static.eldorado.ru/photos/71/713/581/63/new_71358163_l_1501626386.jpeg/resize/200x200/', '12 990 р.', 'Android 7.0 Nougat', 'TFT IPS', '8"', '1280x800 Пикс', 'MSM8917', '1400 МГц', '2.15 ГГц', '4', '16 ГБ', '2 ГБ', 'Есть', 'Есть', 'Есть', '5 Мпикс', '2 Мпикс'),
	(19, 'Планшет ASUS T102HA-GR046T Silver', 'https://static.eldorado.ru/photos/71/713/609/16/new_71360916_l_1507540958.jpeg/resize/200x200/', '28 990 р.', 'Windows 10', 'TFT IPS', '10.1"', '1280x800 Пикс', 'Cherry Trail Quad-Core', '1.44 ГГц', '2.24 ГГц', '4', '64 ГБ', '2 ГБ', 'Есть', 'Есть', 'Есть', '2 Мпикс', '2 Мпикс'),
	(20, 'Планшет Lenovo Tab 4 TB-X304L 10" 16Gb LTE Black (ZA2K0056RU)', 'https://static.eldorado.ru/photos/71/713/581/67/new_71358167_l_1501714446.jpeg/resize/200x200/', '12 990 р.', 'Android 7.0 Nougat', 'TFT IPS', '10.1"', '1280x800 Пикс', 'MSM8917', '1400 МГц', '2.24 ГГц', '4', '16 ГБ', '2 ГБ', 'Есть', 'Есть', 'Есть', '5 Мпикс', '2 Мпикс'),
	(21, 'Планшет Huawei MediaPad T3 KOB-L09 LTE 16Gb Gold (53018494)', 'https://static.eldorado.ru/photos/71/713/461/89/new_71346189_l_1501529655.jpeg/resize/200x200/', '10 990 р.', 'Android 7.0 Nougat', 'TFT IPS', '8"', '1280x800 Пикс', 'MSM8917', '1.4 ГГц', '2.24 ГГц', '4', '16 ГБ', '2 ГБ', 'Есть', 'Есть', 'Есть', '5 Мпикс', '2 Мпикс'),
	(22, 'Планшет Huawei MediaPad T3 10 AGS-L09 LTE 16Gb Gold (53018545)', 'https://static.eldorado.ru/photos/71/713/461/92/new_71346192_l_1501530405.jpeg/resize/200x200/', '11 990 р.', 'Android 7.0 Nougat', 'TFT IPS', '9.6"', '1280x800 Пикс', 'MSM8917', '1.4 ГГц', '2.24 ГГц', '4', '16 ГБ', '2 ГБ', 'Есть', 'Есть', 'Есть', '5 Мпикс', '2 Мпикс'),
	(23, 'Планшет Huawei M3 Lite 10" 16Gb Grey (53018965)', 'https://static.eldorado.ru/photos/71/713/461/91/new_71346191_l_1500417248.jpeg/resize/200x200/', '19 990 р.', 'Android 7.0 Nougat', 'TFT IPS', '10.1"', '1920x1200 Пикс', 'Qualcomm MSM8940', '1.4 ГГц', '2.24 ГГц', '8', '16 ГБ', '3 ГБ', 'Есть', 'Есть', 'Есть', '8 Мпикс', '8 Мпикс'),
	(24, 'Планшет Huawei MediaPad М3 Lite CPN-L09 8" 32Gb Space Grey', 'https://static.eldorado.ru/photos/71/713/595/29/new_71359529_l_1502356324.jpeg/resize/200x200/', '16 990 р.', 'Android 7.0 Nougat', 'TFT IPS', '8"', '1920x1200 Пикс', 'Snapdragon 435', '4*1.4 + 4*1.1 ГГц', '2.24 ГГц', '8', '32 ГБ', '3 ГБ', 'Есть', 'Есть', 'Есть', '8 Мпикс', '8 Мпикс'),
	(25, 'Планшет Samsung Galaxy Tab A 8.0 2017 SM-T385 16GB LTE Black', 'https://static.eldorado.ru/photos/71/713/678/02/new_71367802_l_1510919200.jpeg/resize/200x200/', '15 990 р.', 'Android 7.0 Nougat', 'TFT IPS', '8"', '1280x800 Пикс', 'MSM8917', '1.4 ГГц', '2.24 ГГц', '4', '16 ГБ', '2 ГБ', 'Есть', 'Есть', 'Есть', '8 Мпикс', '5 Мпикс'),
	(26, 'Планшет Samsung Galaxy Tab A 7.0 SM-T285 8Gb LTE Black', 'https://static.eldorado.ru/photos/71/711/728/69/new_71172869_l_1460731420.jpeg/resize/200x200/', '9 990 р.', 'Android 5.1 Lollipop', 'TFT', '7"', '1280x800 Пикс', 'SC9830I', '1.5 ГГц', '2.24 ГГц', '4', '8 ГБ', '1.5 ГБ', 'Есть', 'Есть', 'Есть', '5 Мпикс', '2 Мпикс'),
	(27, 'Планшет Huawei MediaPad М3 Lite CPN-L09 8" 32Gb Gold', 'https://static.eldorado.ru/photos/71/713/598/21/new_71359821_l_1502406105.jpeg/resize/200x200/', '16 990 р.', 'Android 7.0 Nougat', 'TFT IPS', '8"', '1920x1200 Пикс', 'Snapdragon 435', '4 × 1.4 ГГц +4 × 1.1 ГГц', '2.24 ГГц', '8', '32 ГБ', '3 ГБ', 'Есть', 'Есть', 'Есть', '8 Мпикс', '8 Мпикс'),
	(28, 'Планшет Apple iPad Pro 10.5 Wi-Fi 64Gb Space Grey (MQDT2RU/A)', 'https://static.eldorado.ru/photos/71/713/529/48/new_71352948_l_1500617180.jpeg/resize/200x200/', '46 990 р.', 'iOS 10', 'TFT IPS', '10.5"', '2224x1668 Пикс', 'Apple A10X Fusion', '2.38 ГГц', '2.24 ГГц', '6', '64 ГБ', '4 ГБ', 'Есть', 'Есть', 'Есть', '12 Мпикс', '7 Мпикс'),
	(29, 'Планшет Huawei MediaPad T3 KOB-L09 LTE 16GB Grey (53018493)', 'https://static.eldorado.ru/photos/71/713/588/20/new_71358820_l_1502127540.jpeg/resize/200x200/', '10 990 р.', 'Android 7.0 Nougat', 'TFT IPS', '8"', '1280x800 Пикс', 'MSM8917', '1.4 ГГц', '2.24 ГГц', '4', '16 ГБ', '2 ГБ', 'Есть', 'Есть', 'Есть', '5 Мпикс', '2 Мпикс'),
	(30, 'Планшет Samsung Galaxy Tab A 10.1 SM-T585 16Gb LTE White', 'https://static.eldorado.ru/photos/71/711/867/47/new_71186747_l_1467968029.jpeg/resize/200x200/', '19 990 р.', 'Android 6.0 Marshmallow', 'TFT', '10.1"', '1920x1200 Пикс', 'Samsung Exynos 7870', '1.6 ГГц', '2.24 ГГц', '8', '16 ГБ', '2 ГБ', 'Есть', 'Есть', 'Есть', '8 Мпикс', '2 Мпикс'),
	(31, 'Планшет Samsung Galaxy Tab A 8.0 2017 SM-T385 16GB LTE Gold', 'https://static.eldorado.ru/photos/71/713/678/01/new_71367801_l_1510918545.jpeg/resize/200x200/', '15 990 р.', 'Android 7.0 Nougat', 'TFT', '8"', '1280x800 Пикс', 'MSM8917', '1.4 ГГц', '2.24 ГГц', '4', '16 ГБ', '2 ГБ', 'Есть', 'Есть', 'Есть', '8 Мпикс', '5 Мпикс'),
	(32, 'Планшет Apple iPad Pro 10.5 Wi-Fi + Cellular 256GB Space Grey (MPHG2RU/A)', 'https://static.eldorado.ru/photos/71/713/447/68/new_71344768_l_1498570768.jpeg/resize/200x200/', '67 990 р.', 'iOS 9', 'TFT IPS', '10.5"', '2224x1668 Пикс', 'A10X', '1.4 ГГц', '2.24 ГГц', '4', '256 ГБ', '2 ГБ', 'Есть', 'Есть', 'Есть', '12 Мпикс', '7 Мпикс'),
	(33, 'Планшет Apple iPad Pro 10.5 Wi-Fi + Cellular 512Gb Gоld (MPMG2RU/A)', 'https://static.eldorado.ru/photos/71/713/444/76/new_71344476_l_1498125840.jpeg/resize/200x200/', '76 990 р.', 'iOS', 'TFT IPS', '10.5"', '2224x1668 Пикс', 'A10X Fusion', '1.4 ГГц', '2.24 ГГц', '4', '512 ГБ', '2 ГБ', 'Есть', 'Есть', 'Есть', '12 Мпикс', '7 Мпикс'),
	(34, 'Планшет Apple iPad Pro 10.5 Wi-Fi + Cellular 64Gb Rose Gold (MQF22RU/A)', 'https://static.eldorado.ru/photos/71/713/464/60/new_71346460_l_1500070111.jpeg/resize/200x200/', '56 990 р.', 'iOS 10', 'TFT IPS', '10.5"', '2224x1668 Пикс', 'Apple A10X Fusion', '2.38 ГГц', '2.24 ГГц', '6', '64 ГБ', '4 ГБ', 'Есть', 'Есть', 'Есть', '12 Мпикс', '7 Мпикс'),
	(35, 'Планшет Apple iPad Pro 10.5 Wi-Fi + Cellular 512Gb Silver (MPMF2RU/A)', 'https://static.eldorado.ru/photos/71/713/444/77/new_71344477_l_1498125854.jpeg/resize/200x200/', '76 990 р.', 'iOS', 'TFT IPS', '10.5"', '2224x1668 Пикс', 'A10X Fusion', '2.38 ГГц', '2.24 ГГц', '6', '512 ГБ', '4 ГБ', 'Есть', 'Есть', 'Есть', '12 Мпикс', '7 Мпикс'),
	(36, 'Планшет Apple iPad Pro 10.5 Wi-Fi 512Gb Space Grey (MPGH2RU/A)', 'https://static.eldorado.ru/photos/71/713/590/60/new_71359060_l_1502191372.jpeg/resize/200x200/', '64 990 р.', 'iOS 10', 'TFT IPS', '10.5"', '2224x1668 Пикс', 'A10X Fusion', '2.38 МГц', '2.24 ГГц', '6', '512 ГБ', '4 ГБ', 'Есть', 'Есть', 'Есть', '12 Мпикс', '7 Мпикс'),
	(37, 'Планшет Lenovo Tab 4 TB-8504X 8" 16Gb LTE White (ZA2D0059RU)', 'https://static.eldorado.ru/photos/71/713/581/64/new_71358164_l_1501626341.jpeg/resize/200x200/', '11 490 р.', 'Android 7.0 Nougat', 'TFT IPS', '8"', '1280x800 Пикс', 'MSM8917', '1400 МГц', '2.24 ГГц', '4', '16 ГБ', '2 ГБ', 'Есть', 'Есть', 'Есть', '5 Мпикс', '2 Мпикс'),
	(38, 'Планшет Digma Plane 7700T 4G SC9832 Black (PS1127PL)', 'https://static.eldorado.ru/photos/71/713/663/13/new_71366313_l_1507905656.jpeg/resize/200x200/', '4 990 р.', 'Android 6.0 Marshmallow', 'TFT IPS', '7"', '1280x800 Пикс', 'SC9832', '1300 МГц', '2.24 ГГц', '4', '8 ГБ', '1 ГБ', 'Есть', 'Есть', 'Есть', '5 Мпикс', '0.3 Мпикс'),
	(39, 'Планшет Apple iPad Pro 10.5 Wi-Fi + Cellular 256Gb Silver (MPHH2RU/A)', 'https://static.eldorado.ru/photos/71/713/447/67/new_71344767_l_1498570323.jpeg/resize/200x200/', '67 990 р.', 'iOS 9', 'TFT IPS', '10.5"', '2224x1668 Пикс', 'A10X', '1300 МГц', '2.24 ГГц', '4', '256 ГБ', '1 ГБ', 'Есть', 'Есть', 'Есть', '12 Мпикс', '7 Мпикс'),
	(40, 'Планшет Lenovo Tab 2 A10-30 TB2-X30L 10.1" 16Gb White (ZA0D0053RU)', 'https://static.eldorado.ru/photos/71/712/173/02/new_71217302_l_1478593864.jpeg/resize/200x200/', '9 990 р.', 'Android 5.1 Lollipop', 'TFT IPS', '10.1"', '1280x800 Пикс', 'Qualcomm Snapdragon 210', '1.3 ГГц', '2.24 ГГц', '4', '16 ГБ', '1 ГБ', 'Есть', 'Есть', 'Есть', '5 Мпикс', '2 Мпикс'),
	(41, 'Планшет Irbis TZ726 8GB Black', 'https://static.eldorado.ru/photos/71/713/739/90/new_71373990_l_1526557402.jpeg/resize/200x200/', '2 990 р.', 'Android 7.0 Nougat', 'TN', '7"', '1024x600 Пикс', 'SC7731', '1.2 ГГц', '2.24 ГГц', '4', '8 ГБ', '1 ГБ', 'Есть', 'Есть', 'Есть', '2 Мпикс', '0.3 Мпикс'),
	(42, 'Планшет Huawei MediaPad T3 7 BG2-U01 3G 16Gb Grey (53010ADP)', 'https://static.eldorado.ru/photos/71/713/700/44/new_71370044_l_1517826303.jpeg/resize/200x200/', '6 990 р.', 'Android 7.0 Nougat', 'TFT IPS', '7"', '1024x600 Пикс', 'SC7731G', '1.3 ГГц', '2.24 ГГц', '4', '16 ГБ', '1 ГБ', 'Есть', 'Есть', 'Есть', '2 Мпикс', '2 Мпикс'),
	(43, 'Планшет Apple iPad Wi-Fi 32GB Gold 2018 (MRJN2RU/A)', 'https://static.eldorado.ru/photos/71/713/723/66/new_71372366_l_1530709936.jpeg/resize/200x200/', '24 990 р.', 'iOS', 'TFT IPS', '9.7"', '2048x1536 Пикс', 'A10 Fusion + M10', '1.3 ГГц', '2.24 ГГц', '4', '32 ГБ', '1 ГБ', 'Есть', 'Есть', 'Есть', '8 Мпикс', '1.2 Мпикс'),
	(44, 'Планшет Prestigio Tablet Wize PMT3131 3G Black (PMT3131_3G_C_CIS)', 'https://static.eldorado.ru/photos/71/713/699/57/new_71369957_l_1517314517.jpeg/resize/200x200/', '5 990 р.', 'Android 6.0 Marshmallow', 'TFT IPS', '10.1"', '1280x800 Пикс', 'MT8321', '1.3 ГГц', '2.24 ГГц', '4', '8 ГБ', '1 ГБ', 'Есть', 'Есть', 'Есть', '2 Мпикс', '0.3 Мпикс'),
	(45, 'Планшет Apple iPad Wi-Fi + Cellular 32GB Space Grey 2018 (MR6N2RU/A)', 'https://static.eldorado.ru/photos/71/713/723/59/new_71372359_l_1522919442.jpeg/resize/200x200/', '34 990 р.', 'iOS', 'TFT IPS', '9.7"', '2048x1536 Пикс', 'A10 Fusion + M10', '1.3 ГГц', '2.24 ГГц', '4', '32 ГБ', '1 ГБ', 'Есть', 'Есть', 'Есть', '8 Мпикс', '1.2 Мпикс'),
	(46, 'Планшет Irbis TZ969 16GB Black', 'https://static.eldorado.ru/photos/71/713/776/00/new_71377600_l_1532275866.jpeg/resize/200x200/', '5 490 р.', 'Android 7.0 Nougat', 'TFT IPS', '9.6"', '1280x800 Пикс', 'SC9832', '1.3 ГГц', '2.24 ГГц', '4', '16 ГБ', '1 ГБ', 'Есть', 'Есть', 'Есть', '2 Мпикс', '0.3 Мпикс'),
	(47, 'Планшет Lenovo Tab 4 TB-X304L 10.1" 32Gb Black (ZA2K0132RU)', 'https://static.eldorado.ru/photos/71/713/704/28/new_71370428_l_1519744614.jpeg/resize/200x200/', '13 990 р.', 'Android 7.1 Nougat', 'TFT IPS', '10.1"', '1280x800 Пикс', 'Snapdragon 425', '1.4 ГГц', '2.24 ГГц', '4', '32 ГБ', '2 ГБ', 'Есть', 'Есть', 'Есть', '5 Мпикс', '2 Мпикс'),
	(48, 'Планшет Prestigio Muze PMT3708 3G Black', 'https://static.eldorado.ru/photos/71/713/699/56/new_71369956_l_1538121953.jpeg/resize/200x200/', '4 990 р.', 'Android 7.0 Nougat', 'TFT IPS', '8"', '1280x800 Пикс', 'MT8321', '1.3 ГГц', '2.24 ГГц', '4', '8 ГБ', '1 ГБ', 'Есть', 'Есть', 'Есть', '2 Мпикс', '0.3 Мпикс');
/*!40000 ALTER TABLE `tablet` ENABLE KEYS */;

-- Дамп структуры для таблица e_shopper.tablets_colors
CREATE TABLE IF NOT EXISTS `tablets_colors` (
  `pid` int(11) NOT NULL AUTO_INCREMENT,
  `fk_tablet` int(11) NOT NULL DEFAULT '0',
  `fk_color` int(11) NOT NULL DEFAULT '0',
  PRIMARY KEY (`pid`)
) ENGINE=InnoDB AUTO_INCREMENT=48 DEFAULT CHARSET=utf8;

-- Дамп данных таблицы e_shopper.tablets_colors: ~47 rows (приблизительно)
/*!40000 ALTER TABLE `tablets_colors` DISABLE KEYS */;
INSERT INTO `tablets_colors` (`pid`, `fk_tablet`, `fk_color`) VALUES
	(1, 1, 1),
	(2, 2, 1),
	(3, 3, 1),
	(4, 4, 1),
	(5, 8, 1),
	(6, 12, 1),
	(7, 13, 1),
	(8, 14, 1),
	(9, 15, 1),
	(10, 18, 1),
	(11, 20, 1),
	(12, 25, 1),
	(13, 26, 1),
	(14, 38, 1),
	(15, 41, 1),
	(16, 44, 1),
	(17, 46, 1),
	(18, 47, 1),
	(19, 48, 1),
	(20, 10, 2),
	(21, 11, 3),
	(22, 16, 3),
	(23, 17, 3),
	(24, 23, 3),
	(25, 29, 3),
	(26, 42, 3),
	(27, 21, 5),
	(28, 22, 5),
	(29, 27, 5),
	(30, 31, 5),
	(31, 43, 5),
	(32, 6, 10),
	(33, 30, 14),
	(34, 37, 14),
	(35, 40, 14),
	(36, 9, 15),
	(37, 19, 15),
	(38, 35, 15),
	(39, 39, 15),
	(40, 5, 16),
	(41, 7, 16),
	(42, 24, 16),
	(43, 28, 16),
	(44, 32, 16),
	(45, 36, 16),
	(46, 45, 16),
	(47, 34, 17);
/*!40000 ALTER TABLE `tablets_colors` ENABLE KEYS */;

-- Дамп структуры для таблица e_shopper.tv
CREATE TABLE IF NOT EXISTS `tv` (
  `pid` int(11) NOT NULL AUTO_INCREMENT,
  `tv_name` varchar(70) NOT NULL,
  `tv_img` varchar(100) NOT NULL DEFAULT 'Информация отсутствует',
  `price` varchar(30) NOT NULL DEFAULT 'Информация отсутствует',
  `screen_diag` varchar(30) NOT NULL DEFAULT 'Информация отсутствует',
  `screen_technology` varchar(30) NOT NULL DEFAULT 'Информация отсутствует',
  `digit_format` varchar(30) NOT NULL DEFAULT 'Информация отсутствует',
  `screen_res` varchar(30) NOT NULL DEFAULT 'Информация отсутствует',
  `isHDR` varchar(30) NOT NULL DEFAULT 'Информация отсутствует',
  `brightness` varchar(50) NOT NULL DEFAULT 'Информация отсутствует',
  `contrast` varchar(50) NOT NULL DEFAULT 'Информация отсутствует',
  `video_throw_usb` varchar(30) NOT NULL DEFAULT 'Информация отсутствует',
  `smart_TV` varchar(30) NOT NULL DEFAULT 'Информация отсутствует',
  `count_HDMI` varchar(30) NOT NULL DEFAULT 'Информация отсутствует',
  `count_USB` varchar(30) NOT NULL DEFAULT 'Информация отсутствует',
  `wi_fi` varchar(30) NOT NULL DEFAULT 'Информация отсутствует',
  PRIMARY KEY (`pid`)
) ENGINE=InnoDB AUTO_INCREMENT=49 DEFAULT CHARSET=utf8;

-- Дамп данных таблицы e_shopper.tv: ~48 rows (приблизительно)
/*!40000 ALTER TABLE `tv` DISABLE KEYS */;
INSERT INTO `tv` (`pid`, `tv_name`, `tv_img`, `price`, `screen_diag`, `screen_technology`, `digit_format`, `screen_res`, `isHDR`, `brightness`, `contrast`, `video_throw_usb`, `smart_TV`, `count_HDMI`, `count_USB`, `wi_fi`) VALUES
	(1, 'Ultra HD (4K) LED телевизор Samsung UE40NU7170U', 'https://static.eldorado.ru/photos/71/713/767/77/new_71376777_l_1531168821.jpeg/resize/200x200/', '35 999 р.', '40" (101.6 см)', 'LED', 'Ultra HD', '3840x2160 Пикс', 'Есть', 'Иформация отсутствует', 'Иформация отсутствует', 'Иформация отсутствует', 'Есть', '3', '2', 'Есть'),
	(2, 'Ultra HD (4K) LED телевизор LG 49UK6200PLA', 'https://static.eldorado.ru/photos/71/713/811/85/new_71381185_l_1537247085.jpeg/resize/200x200/', '33 999 р.', '49" (124.5 см)', 'LED', 'Ultra HD', '3840x2160 Пикс', 'Есть', 'Иформация отсутствует', 'Иформация отсутствует', 'Есть', 'Есть', '3', '2', 'Есть'),
	(3, 'LED телевизор Sony KDL43WF805', 'https://static.eldorado.ru/photos/71/713/745/12/new_71374512_l_1527590590.jpeg/resize/200x200/', '45 999 р.', '43" (109.2 см)', 'LED', 'Full HD', '1920x1080 Пикс', 'Есть', 'Иформация отсутствует', 'Иформация отсутствует', 'Есть', 'Есть', '4', '3', 'Есть'),
	(4, 'Ultra HD телевизор Sony KD49XE7005', 'https://static.eldorado.ru/photos/71/713/461/11/new_71346111_l_1499677845.jpeg/resize/200x200/', '44 999 р.', '49" (124.5 см)', 'LED', 'Ultra HD', '3840x2160 Пикс', 'Есть', 'Иформация отсутствует', 'Иформация отсутствует', 'Есть', 'Есть', '3', '3', 'Есть'),
	(5, 'Ultra HD (4K) LED телевизор Samsung UE55NU8070U', 'https://static.eldorado.ru/photos/71/713/734/51/new_71373451_l_1524845009.jpeg/resize/200x200/', '84 999 р.', '55" (139.7 см)', 'LED', 'Ultra HD', '3840x2160 Пикс', 'Есть', '500 кд/м²', 'Иформация отсутствует', 'Есть', 'Есть', '4', '2', 'Есть'),
	(6, 'Ultra HD телевизор Sony KD55XE7005', 'https://static.eldorado.ru/photos/71/713/458/19/new_71345819_l_1502191174.jpeg/resize/200x200/', '53 999 р.', '55" (139.7 см)', 'LED', 'Ultra HD', '3840x2160 Пикс', 'Есть', '500 кд/м²', 'Иформация отсутствует', 'Есть', 'Есть', '3', '3', 'Есть'),
	(7, 'Ultra HD (4K) OLED телевизор LG OLED55B8SLB', 'https://static.eldorado.ru/photos/71/713/793/43/new_71379343_l_1535459810.jpeg/resize/200x200/', '89 999 р.', '55" (139.7 см)', 'OLED', 'Ultra HD', '3840x2160 Пикс', 'Есть', '500 кд/м²', 'Иформация отсутствует', 'Есть', 'Есть', '4', '3', 'Есть'),
	(8, 'Ultra HD (4K) LED телевизор LG 65UK6300PLB', 'https://static.eldorado.ru/photos/71/713/811/86/new_71381186_l_1537247601.jpeg/resize/200x200/', '64 999 р.', '65" (165.1 см)', 'LED', 'Ultra HD', '3840x2160 Пикс', 'Есть', '500 кд/м²', 'Иформация отсутствует', 'Есть', 'Есть', '3', '2', 'Есть'),
	(9, 'Ultra HD (4K) LED телевизор Kivi 43UK30G', 'https://static.eldorado.ru/photos/71/713/777/37/new_71377737_l_1539183063.jpeg/resize/200x200/', '25 999 р.', '43" (109.2 см)', 'LED', 'Ultra HD', '3840x2160 Пикс', 'Есть', '450 кд/м²', '1500:1', 'Есть', 'Есть', '3', '3', 'Есть'),
	(10, 'LED телевизор Samsung UE49N5510AU', 'https://static.eldorado.ru/photos/71/713/784/70/new_71378470_l_1533672935.jpeg/resize/200x200/', '35 999 р.', '49" (124.5 см)', 'LED', 'Full HD', '1920x1080 Пикс', 'Есть', '450 кд/м²', '1500:1', 'Есть', 'Есть', '3', '2', 'Есть'),
	(11, 'Ultra HD (4K) LED телевизор Samsung UE49NU8070U', 'https://static.eldorado.ru/photos/71/713/734/41/new_71373441_l_1524820202.jpeg/resize/200x200/', '59 999 р.', '49" (124.5 см)', 'LED', 'Ultra HD', '3840x2160 Пикс', 'Есть', '450 кд/м²', '1500:1', 'Есть', 'Есть', '4', '2', 'Есть'),
	(12, 'Ultra HD (4K) LED телевизор LG 43UK6200PLA', 'https://static.eldorado.ru/photos/71/713/811/84/new_71381184_l_1536685167.jpeg/resize/200x200/', '29 999 р.', '43" (109.2 см)', 'LED', 'Ultra HD', '3840x2160 Пикс', 'Есть', '450 кд/м²', '1500:1', 'Есть', 'Есть', '3', '2', 'Есть'),
	(13, 'Ultra HD (4K) LED телевизор Daewoo U55V870VKE', 'https://static.eldorado.ru/photos/71/713/778/82/new_71377882_l_1533049597.jpeg/resize/200x200/', '33 999 р.', '55" (139.7 см)', 'LED', 'Ultra HD', '3840x2160 Пикс', 'Есть', '350 кд/м²', '1500:1', 'Есть', 'Есть', '3', '2', 'Есть'),
	(14, 'Ultra HD (4K) LED телевизор Kivi 50UK30S', 'https://static.eldorado.ru/photos/71/713/796/18/new_71379618_l_1539264261.jpeg/resize/200x200/', '33 999 р.', '50" (127 см)', 'LED', 'Ultra HD', '3840x2160 Пикс', 'Есть', '430 кд/м²', '4200:1', 'Есть', 'Есть', '3', '3', 'Есть'),
	(15, 'LED телевизор Sony KDL50WF665BR', 'https://static.eldorado.ru/photos/71/713/743/93/new_71374393_l_1527592798.jpeg/resize/200x200/', '47 999 р.', '50" (127 см)', 'LED', 'Full HD', '1920x1080 Пикс', 'Есть', '430 кд/м²', '4200:1', 'Есть', 'Есть', '2', '2', 'Есть'),
	(16, 'LED телевизор Panasonic TX-32ESR500', 'https://static.eldorado.ru/photos/71/713/590/62/new_71359062_l_1502803157.jpeg/resize/200x200/', '19 999 р.', '32" (81.3 см)', 'LED', 'HD-Ready', '1366x768 Пикс', 'Есть', '430 кд/м²', '4200:1', 'Есть', 'Есть', '2', '2', 'Есть'),
	(17, 'LED телевизор Sony KDL49WF805', 'https://static.eldorado.ru/photos/71/713/745/13/new_71374513_l_1527591874.jpeg/resize/200x200/', '55 999 р.', '49" (124.5 см)', 'LED', 'Full HD', '1920x1080 Пикс', 'Есть', '430 кд/м²', '4200:1', 'Есть', 'Есть', '4', '3', 'Есть'),
	(18, 'Ultra HD (4K) LED телевизор Samsung UE40NU7100U', 'https://static.eldorado.ru/photos/71/713/767/78/new_71376778_l_1531169034.jpeg/resize/200x200/', '35 999 р.', '40" (101.6 см)', 'LED', 'Ultra HD', '3840x2160 Пикс', 'Есть', '430 кд/м²', '4200:1', 'Есть', 'Есть', '3', '2', 'Есть'),
	(19, 'Ultra HD (4K) LED телевизор Samsung UE65NU7470U', 'https://static.eldorado.ru/photos/71/713/739/22/new_71373922_l_1526989876.jpeg/resize/200x200/', '84 999 р.', '65" (165.1 см)', 'LED', 'Ultra HD', '3840x2160 Пикс', 'Есть', '430 кд/м²', '4200:1', 'Есть', 'Есть', '3', '2', 'Есть'),
	(20, 'Ultra HD (4K) LED телевизор LG 55SK8100PLA', 'https://static.eldorado.ru/photos/71/713/752/16/new_71375216_l_1541091996.jpeg/resize/200x200/', '62 999 р.', '55" (139.7 см)', 'LED', 'Ultra HD', '3840x2160 Пикс', 'Есть', '350 кд/м²', '1400:1', 'Есть', 'Есть', '4', '3', 'Есть'),
	(21, 'Ultra HD (4K) LED телевизор Kivi 55UK30S', 'https://static.eldorado.ru/photos/71/713/796/17/new_71379617_l_1539264165.jpeg/resize/200x200/', '44 999 р.', '55" (139.7 см)', 'LED', 'Ultra HD', '3840x2160 Пикс', 'Есть', '450 кд/м²', '6600:1', 'Есть', 'Есть', '3', '3', 'Есть'),
	(22, 'LED телевизор Sony KDL-43WF804', 'https://static.eldorado.ru/photos/71/713/752/65/new_71375265_l_1529586125.jpeg/resize/200x200/', '44 999 р.', '43" (109.2 см)', 'LED', 'Full HD', '1920x1080 Пикс', 'Есть', '450 кд/м²', '6600:1', 'Есть', 'Есть', '4', '3', 'Есть'),
	(23, 'Ultra HD (4K) LED телевизор Samsung UE49NU8000U', 'https://static.eldorado.ru/photos/71/713/732/80/new_71373280_l_1524818546.jpeg/resize/200x200/', '59 999 р.', '49" (124.5 см)', 'LED', 'Ultra HD', '3840x2160 Пикс', 'Есть', '450 кд/м²', '3000:1', 'Есть', 'Есть', '4', '2', 'Есть'),
	(24, 'LED телевизор Panasonic TX-40FSR500', 'https://static.eldorado.ru/photos/71/713/784/25/new_71378425_l_1541066434.jpeg/resize/200x200/', '30 999 р.', '40" (101.6 см)', 'LED', 'Full HD', '1920x1080 Пикс', 'Есть', '450 кд/м²', '3000:1', 'Есть', 'Есть', '2', '2', 'Есть'),
	(25, 'LED телевизор Panasonic TX-49FSR500', 'https://static.eldorado.ru/photos/71/713/784/26/new_71378426_l_1541067899.jpeg/resize/200x200/', '33 999 р.', '49" (124.5 см)', 'LED', 'Full HD', '1920x1080 Пикс', 'Есть', 'Иформация отсутствует', 'Иформация отсутствует', 'Есть', 'Есть', '2', '2', 'Есть'),
	(26, 'LED телевизор Panasonic TX-32FSR500', 'https://static.eldorado.ru/photos/71/713/784/24/new_71378424_l_1535492012.jpeg/resize/200x200/', '22 999 р.', '32" (81.3 см)', 'LED', 'HD-Ready', '1366x768 Пикс', 'Есть', 'Иформация отсутствует', 'Иформация отсутствует', 'Есть', 'Есть', '2', '2', 'Есть'),
	(27, 'LED телевизор LG 43LK5990PLE', 'https://static.eldorado.ru/photos/71/713/776/93/new_71377693_l_1532434619.jpeg/resize/200x200/', '28 999 р.', '43" (109.2 см)', 'LED', 'Full HD', '1920x1080 Пикс', 'Есть', 'Иформация отсутствует', 'Иформация отсутствует', 'Есть', 'Есть', '2', '1', 'Есть'),
	(28, 'Ultra HD (4K) LED телевизор LG 43UK6390PLG', 'https://static.eldorado.ru/photos/71/713/750/43/new_71375043_l_1528366853.jpeg/resize/200x200/', '34 999 р.', '43" (109.2 см)', 'LED', 'Ultra HD', '3840x2160 Пикс', 'Есть', 'Иформация отсутствует', 'Иформация отсутствует', 'Есть', 'Есть', '3', '2', 'Есть'),
	(29, 'LED телевизор LG 32LK6190PLA', 'https://static.eldorado.ru/photos/71/713/743/94/new_71374394_l_1527259548.jpeg/resize/200x200/', '25 999 р.', '32" (81.3 см)', 'LED', 'Full HD', '1920x1080 Пикс', 'Есть', 'Иформация отсутствует', 'Иформация отсутствует', 'Есть', 'Есть', '3', '2', 'Есть'),
	(30, 'Ultra HD (4K) LED телевизор LG 43UK6450PLC', 'https://static.eldorado.ru/photos/71/713/745/96/new_71374596_l_1529100299.jpeg/resize/200x200/', '35 999 р.', '43" (109.2 см)', 'LED', 'Ultra HD', '3840x2160 Пикс', 'Есть', 'Иформация отсутствует', 'Иформация отсутствует', 'Есть', 'Есть', '3', '2', 'Есть'),
	(31, 'Ultra HD (4K) LED телевизор LG 50UK6300PLB', 'https://static.eldorado.ru/photos/71/713/752/17/new_71375217_l_1541085445.jpeg/resize/200x200/', '40 999 р.', '50" (127 см)', 'LED', 'Ultra HD', '3840x2160 Пикс', 'Есть', 'Иформация отсутствует', 'Иформация отсутствует', 'Есть', 'Есть', '3', '2', 'Есть'),
	(32, 'Ultra HD (4K) LED телевизор LG 55UK6450PLC', 'https://static.eldorado.ru/photos/71/713/752/14/new_71375214_l_1529500391.jpeg/resize/200x200/', '51 999 р.', '55" (139.7 см)', 'LED', 'Ultra HD', '3840x2160 Пикс', 'Есть', 'Иформация отсутствует', 'Иформация отсутствует', 'Есть', 'Есть', '3', '2', 'Есть'),
	(33, 'Ultra HD (4K) LED телевизор Samsung UE55NU7170UXRU', 'https://static.eldorado.ru/photos/71/713/744/68/new_71374468_l_1527541911.jpeg/resize/200x200/', '47 999 р.', '55" (139.7 см)', 'LED', 'Ultra HD', '3840x2160 Пикс', 'Есть', 'Иформация отсутствует', 'Иформация отсутствует', 'Есть', 'Есть', '3', '2', 'Есть'),
	(34, 'Ultra HD (4K) LED телевизор Samsung UE49NU7650U', 'https://static.eldorado.ru/photos/71/713/767/80/new_71376780_l_1531383382.jpeg/resize/200x200/', '49 999 р.', '49" (124.5 см)', 'LED', 'Ultra HD', '3840x2160 Пикс', 'Есть', 'Иформация отсутствует', 'Иформация отсутствует', 'Есть', 'Есть', '3', '2', 'Есть'),
	(35, 'LED телевизор LG 43LK5910PLC', 'https://static.eldorado.ru/photos/71/713/745/98/new_71374598_l_1529179592.jpeg/resize/200x200/', '27 999 р.', '43" (109.2 см)', 'LED', 'Full HD', '1920x1080 Пикс', 'Есть', 'Иформация отсутствует', 'Иформация отсутствует', 'Есть', 'Есть', '2', '1', 'Есть'),
	(36, 'Ultra HD (4K) LED телевизор Sony KD-55XF7096', 'https://static.eldorado.ru/photos/71/713/776/67/new_71377667_l_1532268790.jpeg/resize/200x200/', '69 999 р.', '55" (139.7 см)', 'LED', 'Ultra HD', '3840x2160 Пикс', 'Есть', 'Иформация отсутствует', 'Иформация отсутствует', 'Есть', 'Есть', '4', '3', 'Есть'),
	(37, 'Ultra HD (4K) LED телевизор LG 70UK6710PLA', 'https://static.eldorado.ru/photos/71/713/784/75/new_71378475_l_1533836734.jpeg/resize/200x200/', '99 999 р.', '70" (177.8 см)', 'LED', 'Ultra HD', '3840x2160 Пикс', 'Есть', 'Иформация отсутствует', 'Иформация отсутствует', 'Есть', 'Есть', '4', '2', 'Есть'),
	(38, 'Ultra HD (4K) LED телевизор Philips 43PUS6503/60', 'https://static.eldorado.ru/photos/71/713/754/32/new_71375432_l_1529577276.jpeg/resize/200x200/', '34 999 р.', '43" (109.2 см)', 'LED', 'Ultra HD', '3840x2160 Пикс', 'Есть', '350 кд/м²', '1200', 'Есть', 'Есть', '3', '2', 'Есть'),
	(39, 'Ultra HD (4K) LED телевизор LG 43UK6300PLB', 'https://static.eldorado.ru/photos/71/713/750/44/new_71375044_l_1528368195.jpeg/resize/200x200/', '33 999 р.', '43" (109.2 см)', 'LED', 'Ultra HD', '3840x2160 Пикс', 'Есть', '350 кд/м²', '1200', 'Есть', 'Есть', '3', '2', 'Есть'),
	(40, 'LED телевизор Samsung UE43N5570AU', 'https://static.eldorado.ru/photos/71/713/781/02/new_71378102_l_1532695922.jpeg/resize/200x200/', '33 999 р.', '43" (109.2 см)', 'LED', 'Full HD', '1920x1080 Пикс', 'Есть', '350 кд/м²', '1200', 'Есть', 'Есть', '3', '2', 'Есть'),
	(41, 'LED телевизор Telefunken TF-LED32S58T2S', 'https://static.eldorado.ru/photos/71/713/713/72/new_71371372_l_1520245252.jpeg/resize/200x200/', '13 999 р.', '31.5" (80 см)', 'LED', 'HD-Ready', '1366x768 Пикс', 'Есть', '280 кд/м²', '5000:1', 'Есть', 'Есть', '2', '2', 'Есть'),
	(42, 'Ultra HD (4K) LED телевизор LG 43UK6550PLD', 'https://static.eldorado.ru/photos/71/713/727/35/new_71372735_l_1524058181.jpeg/resize/200x200/', '37 999 р.', '43" (109.2 см)', 'LED', 'Ultra HD', '3840x2160 Пикс', 'Есть', '280 кд/м²', '5000:1', 'Есть', 'Есть', '3', '2', 'Есть'),
	(43, 'Ultra HD (4K) LED телевизор Samsung UE43NU7170UXRU', 'https://static.eldorado.ru/photos/71/713/744/61/new_71374461_l_1528225140.jpeg/resize/200x200/', '37 999 р.', '43" (109.2 см)', 'LED', 'Ultra HD', '3840x2160 Пикс', 'Есть', '280 кд/м²', '5000:1', 'Есть', 'Есть', '3', '2', 'Есть'),
	(44, 'Ultra HD (4K) LED телевизор LG 49UK6390PLG', 'https://static.eldorado.ru/photos/71/713/746/11/new_71374611_l_1527502286.jpeg/resize/200x200/', '42 999 р.', '49" (124.5 см)', 'LED', 'Ultra HD', '3840x2160 Пикс', 'Есть', '280 кд/м²', '5000:1', 'Есть', 'Есть', '3', '2', 'Есть'),
	(45, 'Ultra HD (4K) LED телевизор Sony KD-49XF7096', 'https://static.eldorado.ru/photos/71/713/776/75/new_71377675_l_1532268813.jpeg/resize/200x200/', '60 999 р.', '49" (124.5 см)', 'LED', 'Ultra HD', '3840x2160 Пикс', 'Есть', '280 кд/м²', '5000:1', 'Есть', 'Есть', '4', '3', 'Есть'),
	(46, 'Ultra HD (4K) LED телевизор LG 55UK6550PLD', 'https://static.eldorado.ru/photos/71/713/727/37/new_71372737_l_1541086481.jpeg/resize/200x200/', '59 999 р.', '55" (139.7 см)', 'LED', 'Ultra HD', '3840x2160 Пикс', 'Есть', '280 кд/м²', '5000:1', 'Есть', 'Есть', '3', '2', 'Есть'),
	(47, 'Ultra HD (4K) LED телевизор Samsung UE49NU7170UXRU', 'https://static.eldorado.ru/photos/71/713/744/63/new_71374463_l_1527541811.jpeg/resize/200x200/', '43 999 р.', '49" (124.5 см)', 'LED', 'Ultra HD', '3840x2160 Пикс', 'Есть', '280 кд/м²', '5000:1', 'Есть', 'Есть', '3', '2', 'Есть'),
	(48, 'Ultra HD (4K) LED телевизор LG 55UK6300PLB', 'https://static.eldorado.ru/photos/71/713/777/83/new_71377783_l_1532591250.jpeg/resize/200x200/', '49 999 р.', '55" (139.7 см)', 'LED', 'Ultra HD', '3840x2160 Пикс', 'Есть', '280 кд/м²', '5000:1', 'Есть', 'Есть', '4', '2', 'Есть');
/*!40000 ALTER TABLE `tv` ENABLE KEYS */;

/*!40101 SET SQL_MODE=IFNULL(@OLD_SQL_MODE, '') */;
/*!40014 SET FOREIGN_KEY_CHECKS=IF(@OLD_FOREIGN_KEY_CHECKS IS NULL, 1, @OLD_FOREIGN_KEY_CHECKS) */;
/*!40101 SET CHARACTER_SET_CLIENT=@OLD_CHARACTER_SET_CLIENT */;
